name,email,website,phone,address,sent
Eurasia,,,,,non
Coquille,,,,,non
L'entrecôte,,,,,non
Post Café,,,,,non
Soleil pressé,,,,,non
Le Mange-Tout,,,,,non
Chez Fonfon,chezfonfon@ajgroupe.fr,https://www.chez-fonfon.com/,,,non
Chez Jeannot,,,,,non
Le Planète,,,,,non
La Cantinetta,,,,24 Marseille,non
La Cantine,,,,,non
La Scaletta,,,,,non
Au Vieux Moulin,,,,,non
La Grotte,,,,,non
Ashourya,,https://ashourya.fr,+33 4 65 95 21 38,26 Cours Julien Marseille,non
Al Jennah,,,,,non
Marmarita,,,,,non
La Chola,,,,,non
Food & Friends,,,,,non
Dubble,contact@dubble-food.com,https://www.dubble-food.com/3-43-37-restauration-dubble-food-dubble_marseille_rond-point.html,+33 4 91 30 65 99,Avenue du Prado,non
Sake,,,,,non
Sushi Resto,,,,,non
Le Kribien - Chez Magloire,,,,,non
Le Joli Port,,,,,non
La Villa,,,,1 Marseille,non
La Pergola,,,,,non
L'Escale - Restaurant Niolon,,https://www.lescale-restaurant-niolon.com/,,,non
Le grain de sel,,,,,non
Ciao Marcello,cafedesepices@yahoo.fr,,+33 4 91 91 22 69,4 Rue du Lacydon Marseille,non
Brasserie Le Pharo,,,,,non
Victor Café,,,,,non
Le Châlet,,,,,non
Gabian,,,,89 Boulevard Charles Livon,non
Bar Terminus,,,,,non
Chez Sauveur,aubagne@chezsauveur.fr,https://www.chezsauveur.fr/,,,non
Le Relais 50,,http://www.relais50.com/,,,non
La Caravelle,info@hotelbellevuemarseille.com,https://www.lacaravelle-marseille.com/,+33 4 91 90 36 64,34 Quai du Port,non
La Femme du Boucher,,,+33 4 91 48 79 65,10 Marseille,non
Le 13,,,,,non
La Nautique,,,,,non
Le Château Sormiou,,http://lechateausormiou.fr/index.html,+33 4 91 25 08 69,Route du Feu de la Calanque de Sormiou Marseille,non
La Bonne mer,,,,,non
Le Grain de Sable,,,,,non
La Table de L’Arbois,parc-club@larbois.fr,http://www.larbois.fr/pageDynamique.php?titre=Restaurant&page_id=1,+33 4 42 94 92 37,,non
Les Dauphins,,,,,non
Le Scorpion,,,,,non
Le Jardin des Vestiges,,,,,non
Les lumières,,https://www.instagram.com/leslumieres_marseille/,,,non
Chez Didier & Brigitte,,,,,non
Le Peano,,,,,non
Le Baobab,,,,,non
Les 3 Frères,,,,,non
Le Cigalon,,https://www.cigalon-latreille.fr/,,9,non
Le Grim'O,,,,,non
Canard Laqué,,,,,non
Chez Noël,,,,,non
Le Fémina,,,,,non
Zafer,,,,12,non
Tumulte,,,,2 Rue Pastoret,non
La Mesa Latina,bbbistrot@gmail.com,,+33 9 83 05 32 52,20 Cours Julien Marseille,non
Tabla,tablamarseille@gmail.com,https://tablamarseille.fr/,+33665183606,106 Cours Julien Marseille,non
Mariposas,,https://mariposasvege.com,,,non
Les Terrasses du Midi,,,,,non
Chez Etienne,,,,,non
Casa Dipaulo,,,,,non
Sushi West,,,,,non
Chez le Belge,,,,,non
La Tasca,,https://www.latasca.fr/,,,non
Les Arcenaulx,,https://www.les-arcenaulx.com/,+33 4 91 59 80 30,25 Cours d'Estienne d'Orves Marseille,non
Chez Aldo,,,,,non
Café Simon,,,,,non
L'Aromat,,https://www.laromat.com/,+33 4 91 55 09 06,,non
Au Bureau,damien.ray@free.fr,https://www.aubureau.fr/restaurant-brasserie/au-bureau-cabries,+33 4 42 75 50 61,Rue Baby Jourdan Plan de Campagne,non
Le Printemps,,,,,non
La table du chef,,,,,non
Restaurant "Les Tilleuls",,,,,non
Restaurant "Le Gepetto",,,,,non
Au Royaume de la Chantilly,,,,,non
Cantine du Midi,,https://cantinedumidi.enchantier.org/,+33 4 91 05 97 03,Rue Bernard,non
Kyo Sushi,,https://www.sushi-plandecampagne.com/,,Centre Commercial My Home Cabriès,non
Bar restaurant de l'autoroute,,,,,non
Restaurant Pinocchio,,,,,non
Hôtel bar restaurant Le Valentinois,,,,38 Marseille,non
Le parpaing qui flotte,,,+33 4 13 20 34 76,3 Rue Goudard,non
Le bambino,,,,,non
Marengo Bistroquet,,,,1 Marseille,non
L'Astoria,,,,,non
Le Petit Angkor,,,,,non
L'innattendu,,,+33 4 91 33 96 03,Rue de la Paix Marseille,non
Simply food,,,,,non
Zaaki,,,,85 Boulevard Chave,non
Le 3/4,,,,139 Marseille,non
Georges,,,+33 6 45 01 99 89,115 Boulevard Chave Marseille,non
Chaleur,,https://www.instagram.com/chaleur.marseille/,,67 Boulevard Chave Marseille,non
La Cuisine de Gagny,lacuisinedegagny@gmail.com,,+33 6 59 05 86 19,153 Marseille,non
Kortchma,,,,30,non
Adonis du Liban,,,,10,non
O'Pakistan,,,,11,non
La cantine des docks,,,,,non
spok.,,,,,non
Le Davico brasserie,,,,,non
Café du commerce,,,+33491560599,,non
Cafe Garnier,,,,,non
Sanremo,,,,,non
L'entrecote,,,,,non
La Marinière,,,,,non
La Brasserie,,,,,non
Pizz'Adore,,,,,non
Les terrasses de Saint-Mitre,,,,,non
Snack Gimy,,,,,non
Le Plat Provencal,,,,,non
Via-Roma,,,,,non
El Santo Cachón,,,,40 Marseille,non
La Mama,,,,,non
Pavillon Thaï,,,,,non
Caterine,,,,,non
Chez Ida,,,,,non
Signature,,,,182,non
Chez Nosia,,,,,non
Nihao,,,,16a Rue de la Grande Armée,non
Castell York,,,,,non
Jin Jiang Express,,,+33 4 91 78 77 01,,non
Massena,info@website.com,https://massenacafe.com/,,1 Avenue Jules Cantini,non
La Source de Jade,,,,3,non
Papà Fredo,,,,,non
Lotus Express,,,,,non
Lacaille Restaurant,,,,,non
Brasserie la Joliette,,,,,non
Au pagalio,,,,,non
Chez Mama Africa,,,,,non
Le Colysée,,,,,non
El Paseo,,,,,non
Gin Khao,,https://ginkhao.fr/,,Marseille,non
Rajasthan,,,,,non
Le jardin d'à côté,,https://www.lejardindacote.com/,,65 Marseille,non
Côté Cours,,https://www.bistronomie-yasmine.fr,+33973175510,79 Cours Julien,non
Il Caffe,,,,,non
Hôtel Kyriad,,,,,non
La Ferme,,,,,non
Yamato,,https://yamatoresto.fr/,,,non
L'Alegria,,,,139,non
Déjeuner en Ville,,,,,non
Le Miramar,,,,,non
Madie Les Galinettes,,,,,non
Trattoria Marco,,,,,non
Le Poulpe,,,,,non
Le Disque Bleu,,,,,non
Au Bout du Quai,,https://au-bout-du-quai-marseille.eatbu.com/?lang=fr&bit.ly%2Fabdq-g-sw=,+33491995336,1 Avenue Saint-Jean Marseille,non
La Cuisine au Beurre,,,,,non
So... Marseille,,,,,non
Chez Soi,hamzachater@free.fr,https://chez-soi-marseille.eatbu.com/,,5,non
La Goulette,,,,,non
Ko-Ishi,,,+33 4 91 04 64 10,25 Marseille,non
Les Panisses,,http://lespanisses.fr,,23 Marseille,non
La Part des Anges,,,,,non
Marcello,,,,29,non
La Voile De Marco,,,,116,non
Entre Terre et Mer,,https://lafourchette.com/,+33491351159,13,non
Au coeur du Panier,,,,18,non
Le Hippie Chic Café,,,+33 4 91 44 65 85,2 Boulevard Jacques Saadé Quai de la Joliette Marseille,non
Le Clan Les Cigales,,,,8,non
Les Mets des Saintes,,http://www.restaurantlartmonia.com/,,,non
Maurice,,https://www.maurice-marseille.com/fr,,,non
Pulcinella,,http://www.lapulcinella.com/,,9-11,non
Au Falafel,,https://www.aufalafel.com/,,5 Marseille,non
Le Mas,,,,,non
L'Origan,,,,149 Marseille,non
La Table de Guy,latabledeguy@hotmail.fr,,+33 4 91 05 93 57,145 Marseille,non
L'Ecailler,,,,,non
La Terrasse du Panier,,,,,non
Soir d'Asie,,,,,non
Comptoir des Docks,,,,,non
Dock of the Bay,,http://www.restaurant-marseille-dockofthebay.fr/,,35,non
Brocéliande,,,,,non
Le Cours,,,,30,non
Fuxia l'épicerie,,,,,non
L'annexe,,,,,non
L'esquinade,,,,,non
Le Côte de Boeuf,,,,,non
Les 5 continents,,,,,non
Ginseng,,,,,non
Les plaisirs de l'orient,,,,,non
Bouillant,,,,,non
Rice Street Vieux Port,contact@ricestreet.fr,https://www.ricestreet.fr/,+33 955961837,20 Rue de la Paix Marcel Paul,non
La Kahena,,,+33 4 91 90 61 93,,non
Le ventre de l'architecte,,,,,non
Le Fair Play,,,,,non
L’atelier des Artistes,,,,,non
Snack Pizzeria Notre-Dame,,,,,non
Debussy,,,,,non
Bistrot l'Horloge,bistrotlhorloge@gmail.com,https://bistrotlhorloge.eatbu.com,+33 4 88 08 33 03,11 Cours d'Estienne d'Orves Marseille,non
Le Phonographe,,,,,non
Le Pointu,,,,,non
Polikarpov,,https://lepolikarpov.com/,,,non
O'sud,,,,,non
Beans Marseille Brunch,maps-beans@2x.jpg,https://beansmarseille.com/,+33744883135,13 Place Notre-Dame-du-Mont Marseille,non
Le Commodore,,http://www.restaurant-glacier-lecommodore.com/,,,non
O FANETTE,,,+33785553326,11 Place Notre-Dame-du-Mont Marseille,non
Matza,605a7baede844d278b89dc95ae0a9123@sentry-next.wixpress.com,https://www.matza.fr/,+33 4 91 53 70 65,13 Place Notre-Dame-du-Mont Marseille,non
Les Tamaris,,https://www.restaurantlestamaris.com/,,40 Boulevard de la Calanque de Samena Marseille,non
ID Fixe,,,,,non
L'Escalié,,,,,non
La Bella Pizza,,,,,non
WOOD La Cantine Gourmande,,,,8,non
Aux Demoiselles du Mont,,,,,non
L'Oli Bé,,,,14 Marseille,non
Brasserie Le Terminus,,,,,non
Maison Campo,,,,,non
Mk's African kitchen,,,+33 7 53 60 99 22,153,non
Label'Ferme,,https://www.rotisserie-labelferme.fr/,+33 4 91 73 27 03,88,non
Bar Manolo,,,,12 Marseille,non
Le Kaliente,,,,,non
Brasserie La Suite,,,,,non
Le Balagan,hello@centralapp.com,https://balagan-marseille.fr/,,99,non
La Rizière,,,+33 4 91255451,113,non
Le Café Thai,lecafethai@gmail.com,https://lecafethai.fr,+33 4 91 25 44 45,136,non
Le 163,,,+33 4 91 25 05 91,163,non
Casanostra,,,,195,non
Nguyen Hoang,,,,6 Marseille,non
New Dalat,,,,3 Marseille,non
Love sushi,,,,,non
Le jardin,,,,,non
L'Odyssée,,,,,non
L'Algéroise,,,,,non
Rafraf,,,,,non
Les Grandes Tables,friche@lesgrandestables.com,https://www.lafriche.org/la-friche/lieux/les-grandes-tables/,,,non
Maloca,,,+33 6 06 46 46 75,47 Rue Fortuné Jourdan Marseille,non
Bistrot Alexandre,,,,,non
Le New Barroco,,,,,non
L’EFL Café,,,,,non
Le Rostand,,,,,non
Le Bouchon Provençal,,,,,non
L'Oxford,,,,,non
La Table d'Augustin,,http://www.latabledaugustin.fr/,,,non
Dayo,,,,40a Marseille,non
Chez Angèle,,,,50 Marseille,non
Ristorante Del Arte,,https://www.delarte.fr/restaurant-italien-pizzeria-marseille-vieux-port.html,+33496111002,31 Marseille 1er Arrondissement,non
Waroeng Bali,,https://waroengbali.com/,+33 4 91 48 04 16,15 Marseille,non
Le Yen Seiiki,,http://www.leyenprado.fr/,+33 4 91 53 00 09,,non
Sushi Sashimi,,,+33 4 91 64 47 82,12 Avenue Frédéric Chevillon Plan-de-Cuques,non
Le Pacifique,,https://www.lepacifique.fr/,,,non
Les Muriers,,,,,non
Bar Marseillais,,,,,non
Pizza La Juliana,,,+33 4 91 75 10 04,,non
Pizza La Patronne,pizzerialapatronne@gmail.com,https://lapatronne.eatbu.com/,+33 7 89 07 70 79,,non
Nem de la Millière,,,,Boulevard de la Millière Marseille,non
Tan A,contact.mijatana@gmail.com,https://www.restaurant-tana.com/,+33 4 42 03 16 21,1 Avenue Alice Aubagne,non
Black Angus,,,,195 Route des Trois Lucs à La Valentine Marseille,non
Black & White,,,,,non
Le 444,,,,,non
Le Dessus du Panier,,,,,non
Le Comptoir d'Endoume,,,,33 Rue d'Endoume Marseille,non
Du côté d'Antalia,,,,,non
Restaurant UCPA (niv. -1),,,,,non
La Table Cinq,,http://www.latable5.com/,+33 4 91 34 85 22,13 Marseille,non
SuandShi,,,,Marseille,non
Il Cuoco,,,,5 Marseille,non
Vinoneo,,http://www.vinoneo.fr/,+33 4 91 90 40 26,6 Marseille,non
Toma,,,,19 Marseille,non
Brasserie de la Poste,,,,,non
Le Vargas,,,,,non
Chez L'Oncle,,,,,non
El Chourouk,,,,,non
El-Bahdja,,,,,non
Trois Etoiles du Lyon,,,,,non
Le Cyberyann Café,,,,,non
Al dente,,,,,non
Fraîcheur d'Asie,,,,,non
Le Félicie,,,,,non
Le Petit Caboulot,,,,,non
Chez Sylvie,,,,,non
Hoki Sushi,,,,,non
Le Comptoir Dugommier,contact@comptoirdugommier.fr,http://comptoirdugommier.fr,,,non
Les Babines de Mars,,http://paa.ge/lesbabinesdemars.fr,+33491076136,135 Rue Consolat,non
Wake Up,,,,,non
Le Terroir Corse,,,,,non
Baskawaï,,,,4 Marseille,non
Pizza Gégé,,,,,non
Les délices de Rania,,,,,non
Green Bear Coffee,contact@greenbearcoffee.com,https://www.greenbearcoffee.com/,,123 Marseille,non
l'Arôme,,http://www.flashtaville.com/restaurants/marseille06/l-arome.html#_=_,+33491428880,9,non
Le Bar à Vrac,,https://baravrac.com/,,,non
La Bolognaise,,,,,non
Restaurant Anatolie,,,,,non
Urbanfood,,,,Avenue de la Rose Marseille,non
Le Palais d'Asie,,https://www.lepalaisdasiemarseille.fr/,+33 4 91 76 10 03,33 Boulevard Luce,non
Le Petit Naples,,,,,non
Lou Chambri,,http://www.louchambri.com/,,,non
Da Paolo,,http://www.dapaolo.fr/,,,non
O'Bistrot d'Arménie,,,,,non
L'Esplaï du Grand Bar des Goudes,jean@exemple.fr,http://www.grandbardesgoudes.fr,+33 4 91734369,,non
Restaurant Saf Saf,,,,,non
Côté Rue,,,+33 4 91 90 66 36,,non
Oscar's bagels,,,,8 Marseille,non
Bar le Berlioz,,,,37 Marseille,non
Snack Pizzeria L'Arche,,,,,non
Bar Nautic,,http://www.tripadvisor.fr/Restaurant_Review-g187253-d2337008-Reviews-or10-Nautic_Bar-Marseille_Bouches_du_Rhone_Provence.html#REVIEWS,,,non
Le palais de la major,,,,,non
Casa Consolat,,http://casaconsolat.org/,+33 9 52 91 66 99,1 Marseille,non
Pizza Sandwichs,,,,,non
Gerarh,,https://gerarh.fr/,,,non
Snack de La Pomme,,,,,non
L'Orchidée,,,,,non
Le Classico,,,,,non
Chez Paul,,,,,non
Brasserie L'Embarcadère,,http://www.brasserielembarcadere.fr/,,Place Albert Londres Marseille,non
Le Saint-Giniez,,,,,non
Brasserie O' Parc,contact@brasserieoparc.fr,https://www.brasserieoparc.fr/,,,non
Sur le pouce,,,,,non
Les Saveurs du Falafel,,,,,non
EasySushi,,,,,non
Délices de Baille,,,,,non
L'Antre 2,,,,,non
Hailo,,,,,non
L'Étoile de Beyrouth,,,,,non
Pizza Marius,,,,,non
Hong Kong 2,,,,,non
Chez Lili,,,,11 Marseille,non
La Marine des Goudes,,,,,non
Royal Asia,,,,,non
La Solelade,,,,,non
L'Escapade,,,,,non
Le petit plat,,,,,non
La Fontaine,,,,,non
Corner café,,,,,non
Brasserie Glacier Le Cortes,,,,,non
Le Régent,,,,,non
Chez Paulette,,,,,non
Dayeon,,,+33 6 95 12 47 93,4 Marseille,non
Modern Sushi,,,,,non
Urban Kitchen,sales@nicsell.com,https://www.urban-kitchen.fr/,+33 4 96 12 00 86,,non
L'Olympe,,,+33 4 91 26 02 60,28 Marseille,non
Brasserie-tabac du rond point,,,,,non
Le Bistrot à Vin,,,,,non
Lilin,,www.lilin-raviolis.com,+33 4 91 56 59 66,,non
Spok,contact@spok.fr,https://www.spok.fr/,+33 4 91 55 64 24,7 Marseille,non
Bar Restaurant des Chutes Lavie,,,,,non
Kuai Le Express,,,,,non
La Folle Epoque,,,,10 Marseille,non
Ezio,,,,12 Marseille,non
Grand Bar Pierre,,,,16 Marseille,non
La Marmite,,,,,non
Snack Pizzeria Rama,,,,,non
L'Entre Pots,,,,,non
L'Actuel,,,,,non
Le Centuple,,,,23 Allée Léon Gambetta,non
Golda,,,+33 6 79 05 06 88,Marseille,non
Mésopotamie Restaurant,,,,,non
Le Fantastique,,,,,non
Ô lapin blanc,,,,,non
Chez Michel,,https://www.restaurant-michel-13.fr/,+33 4 91 52 64 22,6 Marseille,non
La Vieille Pelle,,,+33 4 91 90 62 00,39 Marseille,non
Le Quai du 7ème,,,,38 Marseille,non
Kaboul Fast Food,,,,,non
point chaud traiteur,,,,,non
Le Moga,,,,,non
Ô ha noi,,,,,non
Meo Midnight,,,,,non
Restaurant de la Cité de la Cosmétique,,,,,non
Une table au sud,unetableausud@wanadoo.fr,https://www.unetableausud.com/,+33 4 91 90 63 53,2 Marseille,non
l'Alcyone,,,,1 Marseille,non
Tako-San,,,+33617620019,36 Marseille,non
Okaäsan,okaasan13@free.fr,,+33665755622,9,non
Taste,contact@tasterestaurant.fr,http://tasterestaurant.fr/,+33491695723,151 Marseille,non
Le Paki,,,,51 Place Jean Jaurès Marseille,non
Restaurant Du Centre Equestre,,,,,non
Hippopotamus Marseille la Valentine,,https://restaurant.hippopotamus.fr/restaurant/marseille-la-valentine/143,+33491879690,,non
Restaurant la Rouvière,,,,,non
Seven Set Park,,http://www.seven7park.fr/,,,non
L'Étincelle,,,,,non
La Plage,,,,,non
La Rade,,,,,non
Le Duplex,,,,,non
Bar Restaurant La Corsoise,,,,,non
Les Saveurs du Sénégal,,,,,non
Chez Youcef,,,,,non
Fidèle,nom@domain.com,https://fidele-restaurant-marseille.fr/,,29,non
Le monumental,,,,,non
Ghomrassen,,,,,non
L'Argentin Grill,resa@argentin-grill.com,http://www.argentin-grill.com/,+33 491 789 565,2 Marseille,non
Cesar Place,,,,,non
Le Sri Ganesh,,https://www.sriganesh.fr/,+33 4 91 33 09 15,,non
Travers,,,,,non
Le Nam Viet,,,,,non
Paule et Kopa,,,,,non
La Crêpe au Carré,lacrepeaucarre@hotmail.fr,http://lacrepeaucarre.com,+33 4 91 55 52 39,,non
Le Bistrot des Dames,,,,,non
Le Bon Burger,,,,,non
Prosper,,,,,non
La Poissonnerie,,,,85,non
Restaurant de l'UNM,,,+33491528098,34,non
Les Buffets du Vieux-Port,,https://www.lesbuffetsduvieuxport.com/,,158 Marseille,non
Chez riz,,https://www.chezriz-marseille.fr/,+33 4 91 35 16 13,23 Marseille,non
Chez Ze,,https://www.chez-ze.com/,+33 4 91 40 05 44,,non
Pizza 26,,,,,non
Le Petit Pernod,,,,,non
L'Hyppocampe,,,,,non
Le Petit Nice Passedat,contact@passedat.fr,,+33491592592,17 Marseille,non
Le Levant,,https://www.lamanne.fr/,+33 4 91 08 77 39,18 Boulevard de la Liberté,non
Tapas Rojas,,,+33 7 51 30 99 30,,non
Aux Antipodes,,,+33 6 52 74 97 44,26,non
L'évidence,,,+33 4 91 24 43 84,2,non
La Table du Fort,,https://www.latabledufort.fr/,+33 4 91 33 97 65,8,non
Dilatante,,,+33 6 99 62 80 81,,non
L'Effet Clochette,,,,,non
Potala Korner,,,,5 Marseille,non
Le Tchitchou,,,+33491692386,,non
Chez Yassine,utilisateur@domaine.com,https://www.chezyassine.com/,,8a Rue d'Aubagne Marseille,non
Le Club,,,,,non
L'inattendu,,,,,non
Le Need's,,,,,non
Le Blanc Bleu,,,,,non
Bebelito,,,,,non
La Baie du Dragon,,,+33491927478,8,non
Santa Gusto,,,,,non
Negresko,,,,,non
Le Tchap’s,,,,,non
Restaurant de la Renaissance,,,,,non
Rodizio Brazil,,,,,non
Double Cuisson,,,,,non
Shuriken Sushi,,,+33 4 91 37 25 11,137 Rue de Rome,non
Pizza Béa,,,,,non
La Maison Toscane,,,,,non
Le 44,,,,,non
Ambassade de Bretagne,,,,,non
Le Taj,,https://restaurant-letaj.com/,+33 4 42 03 70 53,2 Avenue des Platanes Aubagne,non
Les enfants gâtés,contact@lesenfantsgates.net,https://www.lesenfantsgates.net,+33 4 42 73 00 19,2435 Route de la Légion Aubagne,non
Shanghai Kitchen,,https://www.facebook.com/ShanghaiKitchen/,,,non
Café de lla Place,,,,,non
Délicia Pizza,,,+33 6 62 18 81 39; +33 9 75 24 27 55,,non
La Table Marseillaise,,,,Impasse Ramelle,non
Les Mezzés,,,,,non
Le Fil à la Pâte,,,,,non
La Table d'Arménie,,,,29,non
Baie d'Along,,,,16,non
Restauran farafina,,,,142 Aubagne,non
Pallet's CAFE,,,,50/52 Marseille,non
Le jardin caché,,,,20 Marseille,non
Best Pizza,,,,1 Marseille,non
Tomo Sushi,,,,5,non
L'Un Des Sens,,,,5 Marseille,non
Nikki Sushi,,,,54 Marseille,non
Pizza Du Village,,,,2 Marseille,non
Le New First,,,,106 Marseille,non
Le Pacifique 2,,,,17 Marseille,non
Le Castel,,,,,non
Sumo Suhi Bar,,https://mysumo.fr/,+334 91 42 11 27,120,non
chez vallè,,,,,non
Les Trottoirs Marseillais,,,,,non
Le Carré,,,,,non
Court Circuit,,,,,non
Le Grand Pin,,,,430 Avenue de Mazargues,non
Le Petit Pondichery,,,+33 4 91 08 25 37,44 Boulevard Charles Guillaume Philippon Marseille,non
Noudjoum,,,,,non
Cirta,,,+33 491900253,,non
Saveur du Paradis,,,,,non
Wadina,,https://www.restaurantwadina.com/,+33 4 91 48 28 91;+33 6 21 89 46 32,,non
Chez Marylou,,https://www.facebook.com/maryloumarseille/,,,non
Le Soleil,,,,,non
La Passarelle,,,,,non
El Kahina,,,+33 4 91 01 46 71,,non
Le Royal,,,,,non
Le Capitole,,,,,non
Snack express,,,,,non
Friterie Werner & Co,,http://www.frieteriewernerandco.com,+33 6 89 90 58 14,Marseille,non
Pizza Napolita,,,,,non
O’Provencal,,,,7,non
Fleur de Sel,,,,3,non
Oaï,,,,40 Rue Sainte,non
Bistro Regent Marseille,,,,25,non
Le Melo,,,,,non
Chez Roger,,,,,non
Manureva,,,,9,non
Le Newport,,,,79/81,non
Down town,,,+33 4 91 66 67 92,32,non
Zaÿ Zaÿ,,https://www.instagram.com/zayzay.restaurant/,+33 4 91 31 61 69,134 Rue Paradis Marseille,non
Collins,,,,,non
Les Templiers,,,,,non
Le Mistral,,,,,non
O saveurs du Liban,,https://www.osaveursduliban.com/,,1 Marseille,non
Yasmine,,,,25,non
Bracelet d'argent,,,+33 4 91 90 58 61,,non
Black Friday,,,,,non
Le ventre de la baleine,contact@labaleinemarseille.com,https://labaleinemarseille.com/,,,non
Grill Boucherie,,,,,non
Aras,,,,,non
Bistro Vénitien,,,,,non
K'Fete du Monde,,http://aajt.fr/AAJT/index.php?p=k_fete_des_mondes,,,non
The Jungle,,,,,non
L'ancre du panier,,,,,non
Le Montmartre,,,,,non
Le vieux panier,,,,,non
Au Lampard,,,,,non
Cedar,,,,,non
La caveau su théâtre,,,,26 Place de Lenche,non
Chez PP,,,,,non
Bar Tranquille,,,,,non
Pastels World,,,,,non
Marmara,,,,,non
Les blés d'or,,,,,non
ô Nem,,http://onem.fr/,,,non
Chez Vincent,,,,,non
Bistrot O’Prado,,,+33 4 86 12 87 76,1,non
Oscar,,,,24,non
Le Debouche,,,,,non
La Cave d'Alexandre,,,,93,non
For'eat,,,,,non
Maison Buon,,https://www.maisonbuon.com/,,,non
Le Relais,,,,,non
La Capsule,,,,,non
Le 555,,,,,non
La Boucle,,,,,non
Le Pèbre d'Aï,,https://www.lepebredai.fr/,,,non
Au Jardin de la Clue,jardindelaclue@gmail.com,https://restaurantjardindelaclue.fr/,,,non
L’Equinoxe,,,,,non
Le Panier a Burgers,,,,,non
Bistrot 13B,,,,,non
Chez Nous,,,,,non
CornBread,,,,,non
Le Corto,,,,,non
Le Bistro Du Panier,,,,,non
BoboLivo,,,,,non
Mame Diarra,nom@domain.com,https://mame-diarra-marseille.fr/fr,+33 4 88 08 42 75,3O,non
ubud-bali,,,+33 6 67 94 21 68,,non
La Rôtisserie des Saveurs,,,+33660436228,130 Marseille,non
Le Filet de Bœuf,,,,,non
Planet Sushi,,,,,non
Vapiano,,,,20 Avenue du Prado,non
Wasabi,,,,,non
Marmites & Vapeur,,,,,non
Gold Eagles,,https://www.goldeagles.fr/,,,non
Le Tire-Bouchon,,,,,non
Bistro du Cours,contact@bistroducours.com,,+33 4 86 97 59 11,13 Marseille,non
120°C,,https://www.120c.fr,+33 4 91 75 54 91,,non
Restaurant Thien Huong,,,,,non
C'Thaï,,,,,non
Rendez-Vous,yurik.2013@hotmail.fr,https://rendezvous-traiteur.eatbu.com,,,non
l'Oleas,loleas.marseille@gmail.com,http://loleas.blogspot.com,+33491478373,Cours Julien,non
O’Bidul,,,+33491339378,79,non
Maracana pizzeria,,,,,non
Street Pizz',,,,,non
Monsieur Georges,,,+33 4 91 22 47 95,,non
L'Élite Istambul,,,,,non
Le Kilt,,,,,non
L'Escale,,,,,non
Le Lagon Bleu,,,,,non
Saona Beach,,,,,non
P.Kitchen,,,,,non
Hong Kong 3,,,,,non
Kitchenwok,,http://cafe-yushu.com/,,,non
Marinelli,,,,,non
Ô Beach,,,,,non
Boccascena,,,+33 4 91 89 76 29,,non
La Marmite Joyeuse,,https://www.marmitejoyeuse.org/,,33 Boulevard National,non
Le Comptoir Bellevue,,,,,non
Le Grand Comptoir de Paris,,,,,non
Les Trésors du Liban,,https://www.lestresorsduliban.fr/,+33 4 91 77 80 98,,non
La Passerellle,,,,,non
Le taxi,,,,,non
Casa Brandi chez Marco e Luigi,,,,,non
Les Amis,,,,,non
La Belle Étoile,,,,,non
Comptoir libanais,,,,,non
L'indécis,,,+33615071660,177,non
La Raclette,,,,,non
Volodia,,,,44,non
Maman Shelter,,,+33 4 84 35 20 00,64,non
Sud Pizza,,,+33 4 91 90 99 99,88,non
L'absinthe,,,+33 4 91 81 34 83,,non
Les Lanciers,,,,,non
O'Kwat,,,,,non
Dandy’o,,,,,non
Healthy by nature,,,,,non
La Pâte à Pizza,,,,,non
La Ola,,,+33 9 74 97 06 34,12 Rue Vian,non
Le petit jardin,,,,,non
La Diva,,,,,non
Amista,,,,,non
Pizzeria l'artisanale,,,,,non
La Piraterie,,,,,non
Delicia Rôtisserie,,,,,non
Romy,,,,,non
MyBurgerBox,,,,82 Marseille,non
Le Caribou,,,,,non
La Daurade,direction.daurade13001@gmail.com,https://www.la-daurade-restaurant-marseille.fr,+33491338242,8 Rue Fortia,non
Le miniut,,,,Marseille,non
Hippopotamus,,,+33 4 42 46 67 80,Chemin des Rigons Les Pennes-Mirabeau,non
Hako,,,,,non
Baan Thai,,,,,non
Maison Vauban,,,,,non
Ate Qu'enfim,,https://www.atequenfim-restaurant-portugais.fr/,+33 7 53 34 13 38,6 Marseille,non
Café Populaire,,https://fr-fr.facebook.com/cafe.populaire.3/,+33 4 91 02 53 96,110 Marseille,non
Restaurant du château,,,,,non
Tuba,harold@hbdc.fr,https://tuba-club.com/,+33 9 66 95 13 16,Boulevard Alexandre Delabre Marseille,non
Le Nautica des goudes,,,,,non
Restaurant Pizzeria du Roy d'Espagne,,https://www.thefork.fr/restaurant/restaurant-du-roy-d-espagne-r396933,+33 4 91 72 03 00,6 Marseille,non
Le Ziguinchor,,https://restaurant-ziguinchor.com/,+33 4 91 47 72 91,20,non
L'eau à la bouche,,,,,non
Langoustine,,,,,non
Pizzeria Chez Dédé,,,,,non
Lou Granjoun,,,,,non
Regard Café,,,,,non
Brasserie du littoral,,,,,non
Quanta Café,,,+33649800067,60 Marseille,non
Pizza TiTi,thierry.lopez8@gmail.com,https://www.pizza-titi.com/,+33611236567,,non
Chez Loury,,https://www.loury.com/,+33 4 91 33 09 73,,non
Crep' on fire,,,,,non
Long châu,,,,,non
Massilia Café,,,,,non
Mademoiselle Fifi,,,,,non
Le cochon terrible,,,,,non
Ctc Artisan Restaurateur - Le Campus,,,,,non
Courtepaille,,,,,non
Ibis Marseille Timone,,,,,non
Le Vizille,,,,,non
La Maison des raviolis,marseille6@la-maison-des-raviolis.fr,http://www.la-maison-des-raviolis.fr/site/index.html,+33 491851856,28,non
La Maison des Raviolis - Italie,marseille6@la-maison-des-raviolis.fr,https://www.la-maison-des-raviolis.fr/,+33 4 91 94 59 08,14 Rue d'Italie,non
Le Portugais,josemvfaria@hotmail.fr,,+33 4 84 18 59 85;+33 9 82 23 28 13,39 Marseille,non
Braserie de l'Océan,,,,,non
Le Cafouch aux Saveurs,contact@lecafouch.fr,https://www.lecafouch.com/,+33486770464,21 Rue Gaston Castel Marseille,non
Multi Restauration Méditerranée,,https://www.multirestauration.com/,+33 4 91 02 04 04,21 Marseille,non
Ourea,ourea.restaurant@gmail.com,https://www.ourea-restaurant.com,+33 4 91 73 21 53,,non
Yima,,,+33 4 91 55 70 13,,non
La petite Italie,,,+33 4 91463569,139 Rue Rabelais Marseille,non
Pizza Zazza,,,,,non
Pizzeria Buona Sera,,,,,non
Master Café,,,,,non
Ice Park,,,,,non
Restaurant Apave,,,,,non
Le Petit Dugo,contact@petitdugo.fr,https://petitdugo.fr/,+33 9 80 90 63 79,,non
Le Toigou,,https://www.letoigou.fr/,+33 4 91 71 09 74,162 Avenue de Mazargues,non
La Ruche,,http://www.laruche-marseille.fr/,+33 4 91 21 62 03,128 Marseille,non
Fine Cocott,,,,,non
Oeuf,contact@berniecoffee.fr,https://berniecoffee.fr/,+33 4 91 56 04 26,7 Place de Rome,non
Le petit Chamarel,,,,,non
Waldorf of Marseille,,,,,non
Soul,,,+33 6 28 04 44 52,12 Rue du Théâtre-Français,non
Chez Diego,brunchadomicile@gmail.com,https://chezdiego.eatbu.com,,1 Boulevard Louis Salvator,non
Papyrus,,,,,non
Burger's banquet,,,,,non
Pizzeria di Venezia,,,,,non
La Terrasse des Embruns,,,,,non
La Casertane,,,,,non
Babbo,,,,,non
La Table du 12em,,,,,non
Italia Pizza,,,,,non
Emilio,,https://www.facebook.com/Emilio-168344943287853/,+33491326776,70 Avenue de Mazargues Marseille,non
Mama Ghana,,,,,non
ChungChun Ricedog Coréen,,,,,non
Bombay-Hanoï,,,,,non
Jour Vieux Port,,https://cmdfrance.jour.fr/fr/shops/healthy/marseille-vieuxport,+33 4 91 91 79 78,,non
L'Alveola  Pizza al taglio,,https://www.lalveola.com/,+33 4 91 34 95 10,,non
Spok (Notre Dame),contact@spok.fr,https://www.spok.fr/,+33491673257,,non
Sepia,,https://restaurant-sepia.com,+33983826727,,non
Sushi street café,,sushistreetcafe.fr,+33491541790,,non
Les halles de la Major,,leshallesdelamajor.com,+33491458010,,non
Spok (La Timone),contact@spok.fr,https://www.spok.fr/,+33491982087,,non
Le présage,contact@lepresage.fr,https://lepresage.fr/,+33776075461,99 Traverse de la rose,non
Spok (Herriot),contact@spok.fr,https://www.spok.fr/,+33491743826,62,non
Au Cœur du 17,,,,,non
Brasserie L'Atypique,,,,,non
Rive Gauche,,,,,non
MS Club,contact@ms-club.fr,https://www.ms-club.fr/,,,non
Marafiki,marafiki_resto@yahoo.com,https://www.marafiki-restaurant.fr/,+33 6 09 76 45 52,34 Rue du Refuge,non
Comptoir Longchamp,,,,,non
L'Escale des Docks,,,,,non
La cucina di Nini,,,,,non
Brasserie Le Portis,,,,,non
L'Estaca,,,,,non
Paulette's,,,,,non
Magnolia,,,,,non
Le Phocea,,,,,non
La mère buonavista,,,,,non
Brasserie Paulaner,,,,,non
fivepizza,,,,,non
Bella Pizza,,,+33 4 91 25 00 11,,non
Coquillages de Montredon,,,+33 9 54 60 82 48; +33 6 62 00 85 75,79 Avenue de la Madrague de Montredon,non
Le Comptoir aux Huiles by Delucce,,https://le-comptoir-aux-huiles-by-delucce.business.site/?utm_source=gmb&utm_medium=referral,+33 6 37 99 67 98,38,non
Tripletta,,,,,non
Nouveau Oriental Grill's,,,,,non
Le Capados,,,,,non
Tandoori food,,,,,non
Modo PIZZA,,,+33491052504,57 Boulevard de Strasbourg Marseille,non
La marmite du régal,,,,,non
B52 café,,,,,non
Regain,bonjour@regain-marseille.com,https://www.regain-marseille.com/,,53 Marseille,non
Otto Marseille,restaurantottomarseille@gmail.com,https://restaurantotto.fr/,+33 4 91 71 16 52,150,non
Le Blum,,https://www.blumcanebiere.com/,+33 4 84 89 60 09,,non
L'Avidita,,https://www.facebook.com/laviditamarseille/,,112 Marseille,non
Steak Lounge,,https://www.facebook.com/SteakLoungeMarseille/,,112 Marseille,non
Brothers,,https://www.facebook.com/brothersrestaurantcantini/,,100 Marseille,non
Ichiban,,https://fr.restaurantguru.com/Ichiban-Les-Pennes-Mirabeau,+33 4 42 09 74 90,,non
Côté Sushi,,https://cotesushi.com/restaurants/439-cote-sushi-marseille-prado,+33 4 82 29 09 10,359,non
Un jardin en ville,,https://unjardinenville.fr/,+33 9 53 39 76 09,22 Avenue de Mazargues,non
La roquette,,,,,non
Elyssa,,https://www.elyssa-restaurant.fr/,+33491560081,27,non
Set,,,,,non
My Little Warung,,https://www.mylittlewarung.com/restaurant/marseille-dromel/,+33 4 91 80 18 91,19,non
Le Daily,,https://ledailygolf.fr/,+33 4 91 06 58 86,,non
Roma Pizza,mhc13190@gmail.com,http://romapizza.fr,04 91 76 06 88,159 Avenue Clot-Bey,non
La Terrasse,,,,,non
Venus,,,+33 4 91 92 03 53,79,non
Gran Café,,,+33 4 91 22 70 84,158,non
Le Grand Bleu,,,,,non
Les Membres,,,,,non
Le Flash,,,,63,non
O'Dakar,,,,122 Avenue de la Viste Marseille,non
Mevlana Restaurant,,,,,non
La Rostantine,,,,44,non
Gilberte et Marguerite,,https://www.gilberteetmarguerite.com/,+33 4 95 09 15 20,,non
Nirvana Buffet,,,,,non
Le Tre Galles,,,,,non
Marcel à Table,,,,,non
Marseille en face,,,,,non
Brasserie Le 3G,,https://www.tripadvisor.fr/Restaurant_Review-g1142663-d10284752-Reviews-Brasserie_Le_3G-Cabries_Bouches_du_Rhone_Provence_Alpes_Cote_d_Azur.html,+33 4 42 34 86 23,Cabriès,non
La Cantine d'Édouard,lacantinededouard@gmail.com,https://www.plandecampagne.com/annuaire/la-cantine-dedouard/,+33442771011,Rue du Plan de Campagne Les Pennes-Mirabeau,non
Maison Boheme,maisonboheme@icloud.com,https://restaurantmaisonboheme.fr/,,,non
Claudia Ristorante,,,,,non
Maga,,,,,non
Kyo,,https://www.kiosßui.com/,+33 4 84 25 15 11,15 Avenue du Prado,non
Le 24,,,,24 Rue Falque,non
Montevideo,,,,,non
JP Noodle Bar,,,,,non
Cocobongo,,,,,non
Pizza Cosy,,,,101 Rue de la République,non
Fresh Box,,,,17 Rue Jean Trinquet,non
Au Deux Guingois,,,+33491893734,25 Rue du Chevalier Roze,non
Le Pensez-y,,,,,non
Le Baron Perché,,,,,non
Il Canaletto,,,,,non
La Terrasse du 8ème,,,+33491776202,,non
Son-Thuy,,,,,non
Le Mumedia,,,,,non
Restaurant Pizzeria chez Moussa,,,,,non
Apsara,apsara.marseille@free.fr,,+33 4 91 55 55 71,151 Rue Sainte,non
Le Cabanon de l'Estaque,,,,,non
Le Capucin,contact@brasserielecapucin.com,https://www.brasserielecapucin.com/,+33 4 30 22 03 12,,non
La Calanque,,,,6 Place de la Calanque Le Rove,non
Au Bord de l'Eau,,,,,non
L'Aristocrate,,,,Avenue de la Viste Marseille,non
Chiken Food,,,,,non
Arkose,,,,101 Boulevard Michelet,non
High Cube Marseille,,,,Rue de Shangaï Marseille,non
Le Julien,,,+33491370622,114 Rue Paradis,non
Suchic,,,,,non
Le Zénith,,,,,non
New Delhi,,,,,non
Le 24 Poke Bowl,,,,46 Rue Breteuil,non
Le Diamant,,,,,non
TANTAKY,,,,,non
Le Dauphin,,,,,non
Pizzeria Baffi,,,,15 Route de la Gavotte Marseille,non
Splendido,,,+33 4 84 45 40 03,,non
Placette,,,,22 Rue de la Guirlande Marseille,non
Le Pavillon du Thé,,,,Marseille,non
La Véranda,,,,,non
Le Diamant Noir,,https://lediamantnoir-marseille.fr/,,,non
Carlotta With,,,,,non
Restaurant les Sept Thèmes,,,,,non
Restaurant Genji,,,,,non
La Baronne,,,,,non
La Fabrique,,,,,non
Le Rovenain,,,,,non
Ékume,,,,,non
Massilia,,,,,non
Le Par Azar,,,,,non
Le Bousti,nom@domain.com,https://lebousti.fr,,60 Rue des Trois Frères Barthélémy,non
Ummagumma,,,,,non
Les Trois Rois,,,,,non
Palais de l'Inde,,,,,non
Belle Île en Mer,,,,,non
Avanti Popolo,,,,,non
Maison des Nines,,,,,non
Figure,,https://instagram.com/figuremarseille,+33 4 65 57 08 87,90 Bd Vauban,non
Cantoche,605a7baede844d278b89dc95ae0a9123@sentry-next.wixpress.com,https://www.cantochemarseille.com/,+33 4 91 70 24 99,13 Rue Haxo,non
Le Pénard,,,,,non
Moon,,,,rue de Rome,non
Busan,,,,,non
Le Madraguin,,,,,non
Les Jardins du Cloître de Marseille,contact@lecloitre13.fr,https://lesjardinsducloitredemars.fr/,+33491122942,,non
Pub Marina,,,,,non
Lou Frieu,,,,,non
L'hostellerie,,,,,non
La Calabria,stephanie.condello@sfr.fr,https://la-calabria.eatbu.com,+33491510965,6 Route de Calas Septèmes-les-Vallons,non
L'Évêché,,,,,non
J'aime Sushi,,,,,non
So’,,,,,non
Le Palace,,,,,non
Opanda,,,,,non
Georgia,,,,45 Rue Sainte,non
Restaurant Quartier Libre,nom@domain.com,https://quartierlibre-marseille.fr/fr,+33 9 88 39 85 11,13 Rue Glandevès,non
QUIETum,contact@quietum.fr,,+33 9 54 83 95 43,,non
La Cave à Jambon,,,,,non
La Serenata,laserenata@rorange.fr,https://www.laserenata.fr/,+33 4 91 75 79 05,,non
Le bar du théâtre,,,,,non
Ashoka,,https://www.restaurant-ashoka.com/,+33 4 91 33 18 80,,non
Coin Cantine,,,,,non
Maison Bao,,,,,non
Ciel - rooftop,,https://www.ciel-rooftop.com/marseille,,,non
C'est bon,,https://cestbon-marseille.fr/,+33 6 14 56 17 80,11 Avenue du Maréchal Foch Marseille,non
Lynn Dalaga - mode et restauration,,,,,non
O-Pho 187,,,,,non
Le Salon Provençal,,,+33 4 91 68 39 92,1,non
Robato,robato.ramen@gmail.com,https://robato-ramen.fr,+33 9 87 19 72 06,63 Allée Léon Gambetta Marseille,non
Latté,latteclubevent@gmail.com,https://lattemarseille.fr/fr,+33 9 82 33 19 20,16 Rue de l'Évêché,non
Strega,,,,,non
Hododa,bonjour@hododa.com,https://www.hododa.com,+33 4 91 31 09 63,15 Rue de l'Évêché Marseille,non
O Puits Gourmand,,,,,non
Waffle Factory,,,,,non
Crep'eat,,,,,non
Le Trocadéro,,,,,non
Arrosoir,,https://www.arrosoir-marseille.com/,+33 9 54 22 65 71,,non
La ciergerie,,https://laciergerie.eatbu.com/,+33465859306,,non
La nena,,https://www.instagram.com/lanena_marseille/,+33496161472,,non
Oyat,,https://oyat-traiteur.com/,+33 4 65 95 74 30,,non
Le Commis d'Office,,,+33491661848,,non
L'heure de Marseille,,,,,non
Le Palmier,,,+33 4 91 54 47 42,42 Rue Vacon,non
Feu Viet,,,,,non
Butcher's,,,,,non
L'instant,,,,,non
Le Relais Corse,,,+33950729953,49 Avenue du Prado,non
La Bazarette,,,,,non
Au doyen,,,,,non
L’Oliveraie,,,,,non
Cali Kitchen,hello@calikitchen.fr,https://calikitchen.fr/,,,non
Le Cigale,,,+33 9 54 62 79 36,92-94 Quai du Port,non
Sa mesa sarda,,,+33 6 17 46 13 33,1 Boulevard Queirel,non
Namaste,,,,,non
Borely,,,,,non
Ha noi pho,,,,,non
Chez Quan,,,,,non
Bharati,,,,,non
hotellerie-restaurant,,,,,non
La Grande Italia,,,,,non
SportBeach,,,,,non
Les rigoles,,,,,non
Sushi Room,,https://www.sushi-room.fr/,+33 4 91 33 47 43,52 Rue Vacon,non
Le Bistrot d'Alberto,,,+33 4 91 59 40 68,,non
Bring Me My Coffee,,,,,non
Le Métro,,,,,non
Piccolo,,,,,non
Dakao,,,,,non
Sidi Bou Saïd,,,,,non
Italian Trattoria,,,,,non
Chez Marinette,,,+33 7 82 10 06 46,,non
Le Faucon,,,,22 Rue de Lyon,non
Pizzeria Etna,,,+33 4 91 59 11 26,444 Avenue de Montolivet Marseille,non
le 460 "bistro burger",,https://www.facebook.com/profile.php?id=100094260721822,+33 9 81 28 80 64,460 Boulevard Henri Tasso allauch,non
Jardin Kché,,,,,non
Lion bonjour,,,,,non
Oil and Wax,,,,,non
Les Bavards - Bouillonnerie de l'opéra,,,,,non
Restaurant des amis,,,,,non
L'Écrin de Verdure,,,,,non
Kioto Sushi,,,,,non
L'Assiette Orientale,,,,,non
Boostan,,,,,non
L'enseigne 117,,,,117 Rue Sainte,non
Bar à manger,,,,,non
Bouillabaisse Turfu,,,,1 Rue Pythéas,non
Au Grain Desiré,,,+33 4 91 33 42 01,,non
Trattoria del Sud da Vicenzo,,https://www.trattoriadelsud.fr/,+33 4 91 77 93 40,420 Avenue de Mazargues,non
Le Turf,,,,,non
La Civette,,,,,non
Mauvaise Herbe,,,,6 Rue Haxo,non
Ramen Go,,,,,non
Le Siam,,,+33 4 91 73 91 08,,non
Le consolat,,,+33491050429,,non
La poule noire,,,,,non
Homer Lobster,,,,,non
La Balagne,,,,51 Promenade Georges Pompidou,non
Viaghji,,,+33 4 91 52 78 28,,non
Beau Rivage,,,,,non
Pause café cantine,,,,38 Rue Papety,non
La Maronaise,,,+33 4 91 76 63 93,,non
Baladi,,,,,non
By Food Grillades,,,,,non
Io e Te,,,,37 Rue de Suez,non
Le sampiero,,,,,non
Le quai gourmand,,,,,non
La cantine de Jeannine,,,,,non
Senju sushi,,,,,non
Mia Nonna,,https://mianonna.order.dish.co/menus,+33 4 91 277 277,87 Marseille,non
Le plan de a à z,,,,,non
Le Refuge,,,,22 Rue du Refuge,non
Cali Sushi,,,,26 Avenue Pasteur,non
Brasserie l'Opera,,,+33 6 37 96 43 79,4 Rue Corneille,non
Nul Part Ailleurs,contact@restaurantnulpartailleurs.com,https://www.restaurantnulpartailleurs.com/,+33 4 30 22 03 65,18 Quai de Rive-Neuve Marseille,non
Maison M&R,,,,,non
Le Romarin,,,,,non
Piou,,,,,non
Les 2 z'elles,,,,,non
Le chalet des pommiers,,,,,non
oh!bowls,,https://www.ohbowls.fr/,+33 4 65 85 43 29,9 Rue Borde,non
Nina Sushi,,https://ninasushi.com/,+33 4 65 40 51 73,,non
La Broche Tourne,,,,,non
Le Jade,,,,,non
Yuko Ramen,,,,13 Avenue du Maréchal Foch,non
Le P'tit Léo,,,,175 Avenue du Prado,non
Trattoria Partenope,,,,,non
La Pizz,,,,,non
Le cercle rouge,,,,,non
Cafi Shop,,,,,non
KIN - Libala,,,,,non
Basilic & Co Marseille (République),basilicandco.marseille02@gmail.com,https://basilic-and-co.com/restaurants/pizzeria-marseille-republique/,+33 4 96 17 12 75,93 Rue de la République Marseille,non
Melan Grill,,,,,non
Bozen,,,,,non
Le Murano,,,,,non
Le Batavia,,,,,non
Poissonnerie Kennedy,,,,245 Corniche du Président John Fitzgerald Kennedy,non
Jour Euromed,,https://cmdfrance.jour.fr/fr/shops/healthy/marseille-euromed,+33 4 91 31 92 20,,non
Jour Les Docks,,https://cmdfrance.jour.fr/fr/shops/healthy/marseille-lesdocks,+33 9 62 61 66 72,,non
Emile,,,,279 Avenue du Prado,non
NKI Sushi,,,,,non
Casa Mia,,,,,non
500 Degrés Pizza,contact@500degres-pizzas.com,https://500degres-pizza.com/,,30 Honoré d'Estienne d'Orves Marseille,non
Pho Vietnam,,https://phovietnam.fr,+33 9 87 33 43 73,,non
La bastide de Massimo,,,,,non
Le Starlight,,,,112 Avenue de Hambourg Marseille,non
Bistrot Baya,,,,,non
Face à la mer (Restaurant-Pizzeria),,,,227 Avenue Pierre Mendès France,non
Pacha Grill - Restaurant Marseille,,,,227 Avenue Pierre Mendès France,non
Les délices du Prado,,,+33 4 91 22 89 53,275 Avenue du Prado Marseille,non
Boon Mi Food,,https://boonmi.sumupstore.com/,,,non
Pure Braise,restaurant@purebraise.fr,https://purebraise.fr/,+33 4 91 95 46 13,,non
Le 100,,,,,non
Lima Lemon,,,,,non
Cuisine Verticale Pizzeria,,,,,non
Jaipur,,,,,non
Le Marseillais,,,,,non
Jade d'Asie,,,+33 491850281,34 Avenue de Saint-Just,non
Frères Brioche,,,,,non
Minots,,,,,non
Vente a emporter,,,,,non
New Terrasse,,,,,non
La Table Libanaise,,,,,non
Poulet Braisè,,,,,non
Djerba,,,,,non
L'Osteria,,,+33 6 16 58 81 24,,non
Seik,,,,,non
Bianco,,,,,non
Kaz Kreol,,,,,non
Bo' RESTO,,,,,non
Durum kebab,,,,,non
Bazile,,,,,non
Sahmaran,,,,,non
Le Gambetta,,,,,non
L'écaillerie,,,,28 Rue d'Endoume,non
Cocotero,,,,,non
Brasserie Les Allees,,,,,non
Petit Tunis,,,,,non
Ô Bobar,,,,,non
Risotto'go,,,,,non
Sous le Figuier,,,,,non
Thaiwoke,,https://www.thaiwoke.fr/contact,,25 Boulevard Baille,non
Le 568,,,+33 4 95 08 92 61,,non
L'instant...,,,+33 4 91 46 94 07,68 Boulevard de la Carrairade,non
Umi Sushi,,,,1 Boulevard Sainte-Anne Marseille,non
Rôtisserie César,,https://rotisserie-cesar.fr/,,3 Boulevard Sainte-Anne Marseille,non
Pizza Sainte Anne,,https://pizzasainteanne.com/,+33 4 91 71 79 55,1 Boulevard Sainte-Anne Marseille,non
La Quinta,,,,,non
Nòu,,,,2 Rue Dumarsais,non
Trattoria Portofino,,,,,non
mavrommàtis,,,,,non
Brasserie Le Soleil,,,,,non
Lulo Bar,,,,,non
Limmat,,https://www.limmatmarseille.com/,,41 Rue Jean-Baptiste Estelle,non
Trésors d'Arménie,,,+33 4 91 77 82 54,475 Avenue de Mazargues,non
La Rhumerie,,,,,non
Les Voiles M,,,,,non
Le Bistingo,,,,,non
L'Indigo Café,,,,,non
Yafel,yafelmarseille@gmail.com,https://yafelmarseille.fr,+33 4 88 08 31 59,1 Boulevard Théodore Thurner Marseille,non
Kaïts Pita Bar,nom@domain.com,https://kaitskitchen.fr/fr,+33 4 91 25 32 82,8 Rue Thieux,non
Le Bar 1917,,,,,non
La Releve,,,,,non
Chez Papa,,,,,non
La Gratinée,,,,120 Avenue du Marché d'Intérêt National,non
THE 716,,,,134 Rue Peyssonnel,non
Yerevan,,,,,non
Lemaitre Ivoire,,,,,non
Pizze & Sfizi,,https://www.pizze-e-sfizi.fr/,+33 4 91 66 17 07,153 Rue Sainte,non
Chez Tamar,cheztamar@yahoo.fr,https://chez-tamar.eatbu.com/?lang=fr,+33789072591,56 Rue de l'Évêché,non
Les Beaux Mets,,https://www.lesbeauxmets-marseille.fr/,,,non
Nua,,,,,non
Steak 'n Shake,,https://steaknshake.fr/,+33 4 42 43 06 30,Les Pennes-Mirabeau,non
O'Canotier,,,,,non
Cô Bây,,https://app.cookie.menu/restaurants/661e642dc724a3074efb922a#661e672dc724a38b42fb9e66,,26 Rue du Rouet,non
O’ Max Grillades,amine.benlarbi@live.fr,,+33 6 51 60 30 77,,non
Zin Zin,,https://www.instagram.com/zinzin_cantine_marseille/,,18 Rue Guy de Combaud Roquebrune,non
Bel di Brunch,,,,26,non
Inci Restaurant,,,+33 7 86 35 44 74,33 Boulevard Philippon,non
yoj,,,,,non
Le Roy René,,,,,non
Plats d'Asire,,,+33484265801,41 Boulevard Jeanne d'Arc Marseille,non
Dérive,,,,49 Rue de Suez,non
Mercato by winesucker,,,,36 Rue de La Loubière,non
À Moro,,,,3 Rue Venture,non
La Brasserie du Village,,,,,non
Les délices de l'ouest africain,,,,,non
Lido Saigón,,,+33 4 91 76 12 30,,non
Bombay Grill,,,,,non
L'Opium,,,,,non
Riz d'or,,,,,non
la Cachette,,,,24 Rue de la Guirlande,non
Club César,,,,,non
Livingston,,,,5 Rue Crudère,non
Ripaille,,,+33 4 91 91 78 35,56 Rue de Lorette,non
Le Saint Victor,,,,,non
La cantine solaire du Présage,,https://lepresage.fr/wp/la-guinguette-solaire/,+33 7 49 43 69 67,,non
Safia cuisine de Yema,,,,13 Rue Rouget de Lisle,non
La boite a panisse,,,,,non
Délices Viet-Nam,,,+33 4 91 61 26 69,,non
La Bonne Brise,,https://www.restaurant-labonnebrise.fr/,+33 4 42 02 60 89,,non
El Barrio Marsella,,,,14a Rue d'Aubagne,non
IPPON MARSEILLE,,,,7 Rue Lulli,non
Yassou greek pita,,https://www.instagram.com/yassou_marseille,,36 Grand Rue Marseille,non
La Palestine de Gaza,restaurantlapalestinedegaza@gmail.com,,+33 7 87 74 00 07,82 Rue Curiol,non
GRENAT,,,,57 Rue Grignan,non
Koutouki,,,,7 Boulevard de la Libération - Général de Monsabert,non
Le Riviera,,,,2 Place Pierre Brossolette,non
Mimas,,,,3 Place Pierre Brossolette,non
La Casbah Des Halles,,,,,non
L'écailler Des Halles,,,,,non
Saray grill,,,,,non
Gros Bao,,,,3 Cours Saint-Louis,non
L'Abidjanais,,,+33 9 51 60 63 64; +33 6 99 92 27 72,10 Rue du Théâtre-Français,non
François coquillages,,,,,non
La Bonne Chaire,,,,,non
Les Terrasses du Barjaqueur,,,,30 Cours Honoré d'Estienne d'Orves Marseille,non
Le Columbia,,,,,non
Restaurant Le Palmier,,,+33 4 91 69 77 09,14 Rue Martial Reynaud,non
John Silver,johnsilver.ob@gmail.com,https://www.tripadvisor.fr/Restaurant_Review-g187253-d33261944-Reviews-John_Silver_Original_Bistroffee-Marseille_Bouches_du_Rhone_Provence_Alpes_Cote_d.html,,6 Rue Neuve Sainte-Catherine,non
Le Palais du Maharajah,,,,151 Route des Trois Lucs à La Valentine,non
Kima,,,,24 Place aux Huiles,non
le libanais contemporain,,,,30 Rue Fortia,non
La Palestine,,,,24 Rue Mazenod,non
Les Plaisirs de Carthage,yasser.66@live.fr,https://les-plaisirs-de-carthage-marseille.eatbu.com/,+33 4 91 71 23 98,13 Rue Belle Ombre,non
Iwao,,,,27 Rue Sainte,non
Coco,,,,,non
Tilt,,,,Rue Crillon,non
The Roof Kitchen,contact@theroofkitchen.fr,https://www.theroofkitchen.fr/,+33 4 91 95 89 22,305 Rue Albert Einstein,non
Marokko Street,support@webador.fr,https://marokkostreet.com/,+33 6 20 03 95 70,21 Rue d'Italie,non
El Cholo,,,+33 6 51 21 20 90,4 Rue Saint-Pierre,non
O'carioca,,,+33 7 82 62 02 81,13 Rue Vian,non
Indiana Café,selim.boulakhras@indianacafe.fr,https://www.indianacafe.fr/restaurant/plan-de-campagne,+33 4 42 09 75 91,Avenue du Plan de Campagne Les Pennes-Mirabeau,non
Roha,,https://www.roharestaurant.fr/,+33 6 52 11 80 19,5 Rue Pierre Dupré Marseille,non
La Bottega,,https://labottegapizzeria.fr/,+33491986867,84 Rue Perrin-Solliers,non
B.A.O,,,,,non
Marseille bb,,,+33 4 88 86 19 86,,non
Sparacello,,,,14 Rue du Jeune Anacharsis,non
Ristoriana,,,,,non
Royal Kechmara,info@email.com,https://royalkechmara.fr/,,Chemin des Rigons Les Pennes-Mirabeau,non
Paradis du Fruit,,https://www.leparadisdufruit.fr/,,,non
Steak‘n Shake,605a7baede844d278b89dc95ae0a9123@sentry-next.wixpress.com,https://contact45464.wixsite.com/steaknshakepdc/menu,+33 4 42 43 06 30,Chemin des Rigons Les Pennes-Mirabeau,non
Crepe Touch,,https://www.crepetouch.com/,,Chemin des Rigons Les Pennes-Mirabeau,non
Chikin Bang,plandecampagne@chikinbang.com,https://chikinbang.com/restaurant/plan-de-campagne,+33 961165582,Chemin des Rigons Les Pennes-Mirabeau,non
Pere & Fish,,https://pere-et-fish.belorder.com/restaurants,,Chemin des Rigons Les Pennes-Mirabeau,non
Heiko,,https://www.heiko-poke.com/plan-de-campagne/,+33 4 42 09 33 45,,non
Istanbul Lounge,contact@plandecampagne.com,https://www.plandecampagne.com/annuaire/cafe-christophe/,+33 4 42 46 93 65,128 Rue Pierre Pierrel Cabriès,non
Bistro Régent,plandecampagne@bistroregent.fr,https://bistro-regent.fr,+33 4 42 02 57 75,Chemin des Pennes aux Pins Les Pennes-Mirabeau,non
Le vieux pizzaïolo,,,,,non
3 Brasseurs,3737@les3brasseurs.com,https://restaurants.3brasseurs.com/fr/france-FR/934/3-brasseurs-plan-de-campagne/details,+33 4 88 93 85 75,Chemin de la Grande Campagne 13480 Cabriès Cabriès,non
Sushi Food Truck Plan de Campagne,monpetitcali@gmail.com,https://www.monpetitcali.com/,+33 6 21 31 03 56,417 Avenue Barreau Nord-Sud Cabriès,non
GAYA Restaurant,contact@gayarestaurant.fr,https://www.plandecampagne.com/annuaire/gaya-restaurant/,+33 6 23 88 51 63,Avenue Étienne Rabattu Cabriès,non
Sushi Maki Drive,contact@plandecampagne.com,https://www.plandecampagne.com/annuaire/sushi-maki/,+33646489576,Cabriès,non
Dayu,,,+33442021604,Chemin de la Voilerie Les Pennes-Mirabeau,non
Les Comédiens,lescomediens.pdc@gmail.com,https://www.plandecampagne.com/annuaire/les-comediens/,+33488435115,Centre Commercial My Palmeraie Cabriès,non
Nino,contact@plandecampagne.com,https://www.plandecampagne.com/annuaire/nino/,+33 4 42 31 80 66,Les Pennes-Mirabeau,non
Léon Fish Brasserie - Plan de Campagne,serviceclients@restaurantleon.fr,https://www.restaurantleon.fr/nos-restaurants/plan-de-campagne,+33 4 86 11 95 40,9 Rue Albert Manoukian Cabriès,non
China Express,contact@chinaexpress.fr,https://chinaexpress.fr/,+33 4 42 02 97 78,135 Rue René Squadroni Cabriès,non
Y'a un Resto,,,,,non
La table d'Égypte,,,,23 Boulevard de la Libération - Général de Monsabert,non
Restaurant Universitaire École Centrale,,https://www.crous-aix-marseille.fr/restaurant/ru-ecole-centrale-3/,+33 4 91 05 46 18,38 Rue Frédéric Joliot Curie Marseille,non
La Grillade Dathènes,,,,,non
Naandi's,,,,,non
Jacqueline,,https://www.instagram.com/jacqueline__marseille,,,non
Jo's Burger,,https://lesburgersdejo.com/,,33 Rue Sainte Marseille,non
L'escale Marocaine,,,,33 Boulevard de Plombières Marseille,non
La Cuisine de l'Arc,contact@lacuisinedelarc.fr,https://www.lacuisinedelarc.fr/page/3383929-accueil,+33 9 56 56 56 05,5 Rue de l'Arc,non
Yam by Nour,,,,86 Cours Julien,non
Wok & rolls,,,,,non
Pezzo di Pizza,,,,,non
Les Petites Cantines (Marseille),marseille@lespetitescantines.org,https://linktr.ee/lespetitescantinesmarseille,,36 Rue Barbaroux,non
Makhlouf,,,,109 Rue Paradis,non
Durum,,,,19 Rue Saint-Michel,non
Easy Sushi,,https://www.easysushi.fr,,,non
La casa del pizza,,,+33 7 67 68 24 64,18 Boulevard Baudelaire,non
Restaurant Bio Les Ondines,,,,,non
Gold Beef,,,,,non
Bamboche,,,,,non
Gaza Palestine,,,,82 Rue Curiol,non
Chez Ferrato,,,,15 Rue Antoine Maille,non
Quelle belle Journée,,https://fr.restaurantguru.com/QUELLE-BELLE-JOURNEE-Marseille,+33 9 86 15 17 52,2 Rue d'Iéna,non
Koujina Express,utilisateur@domaine.com,https://www.chezyassine.com/,09 61 08 62 74,2 Boulevard Chave,non
Douceur piquante,,,+33660159305,11 Rue Guy Môquet,non
A la Libanaise,,,,27 rue Désirée Clary Marseille,non
Tête d'ail,,,,19 Rue d'Aubagne Marseille,non
Restaurant Universitaire Saint-Jérôme,,https://www.crous-aix-marseille.fr/restaurant/ru-saint-jerome-3/,+33 4 91 10 11 02,,non
Les Mouettes,,,,148,non
CoCo Loco,,,,,non
La Dilligence,,,,,non
Restaurant Universitaire Canebière,,https://www.crous-aix-marseille.fr/logement/cites-et-residences-universitaires/marseille/ru-canebiere,,,non
Restaurant universitaire,,,,,non
Crêperie bar à vins Ici,,,,19 Avenue du Maréchal Foch Marseille,non
Le Vénitien,,,,,non
Pizza Ferrari,,,+33 4 91 42 86 02,178 Rue Ferrari Marseille,non
Delizie,,,,,non
Green Love,sales@nicsell.com,http://www.greenlove.fr/,,22 Marseille,non
Le Pied-de-Mouton,,,+33 6 18 32 29 11,44 Cours Julien Marseille,non
Les Tonnelles,,,,127,non
Le Regali de Manon,,,,,non
Le Club House,,http://www.le-club-house.com/,,,non
Snack bar Maritime,,,,,non
Le Rhul,,http://www.lerhul.fr,,,non
Le Peron,,http://www.restaurant-peron.com/,,56 Corniche du Président John Fitzgerald Kennedy,non
Le petit pavillon,,https://www.lepetitpavillon.com/,,54 Corniche du Président John Fitzgerald Kennedy,non
Le Culti,,http://www.leculti.com/,,222,non
Les Jardins d'Asie,,,+33 4 91 68 16 18,593 Avenue du Général Leclerc Allauch,non
Le Relais de Passe-Temps,,,,,non
Ibis Styles,hb2c6@accor.com,https://all.accor.com/hotel/B2C6/index.en.shtml,+33 4 42 74 74 74,,non
Dragon Impérial,contact@dragonimperial.eu,https://www.dragonimperial.eu/,+33 4 42 09 00 90,2515 Chemin de Velaux Les Pennes-Mirabeau,non
Buffalo Grill,,https://www.buffalo-grill.fr/nos-restaurants/marseille-cabries,+33 4 42 02 54 73,Cabriès,non
Piu,info.piupdc@gmail.com,https://www.restaurantpiu.fr/le-menu-w1,+33 4 42 31 00 93,Chemin départemental 6 Les Pennes-Mirabeau,non
La Grillade Coté Terre,,,,,non
BBQ Hallal,,,,,non
L'auberge du Mérou,,https://aubergedumerou.fr/,,,non
Cafétéria,,,,,non
Babel,,,,,non
Capo Rosso,,http://www.capo-rosso-restaurant.com/,,,non
L'Oliveraie,,https://www.loliveraie-restaurant-chateau-gombert.com/,,112,non
Salah Thai,,,,89,non
Restaurant Bar PMU du Bon Coin,,,,,non
Au Chabrot,,,,,non
Snack Regal Food,,,,,non
Les Bords de Mer,,,,52 Corniche du Président John Fitzgerald Kennedy,non
Bistrot Romain,,,,,non
Shangaï Fast Food,,,,,non
El Rancho,,,,,non
L'Entracte,,,,,non
Villa Mont Liban,,,,,non
Les Platanes,,,,,non
La Couscoussière,,,+33 4 91 40 60 90,23,non
Chez Thuong,,,+33 4 91 79 15 40,83,non
Le Bistrot de Lorette,,http://lebistrotdelorette.com/,+33 4 91 40 63 32,1,non
Restaurant-bar la Gouffone,,,,,non
Duc Dat,,http://www.restaurant-duc-dat-marseille.com/,,,non
Boissonnerie,,,,,non
Bar Restaurant de La Grotte,jean@exemple.fr,http://www.lagrotte-13.com,+33 4 91 73 17 79,,non
La Baie des Singes,,https://www.la-baie-des-singes.fr/,+33 4 91 73 68 87,,non
La Riviera,vous@email.com,https://larivierarestaurant.fr/,+33 4 91 73 27 27,Place Joseph Vidal Marseille,non
Le Pacifique 4,,,,,non
La table des Garrigues,,,,,non
Le Gant d'Or,,,,11 Marseille,non
Melekh A Pizza,,,,26 Marseille,non
Restaurant bar pizzeria de la Fontaine,,,,,non
Le Comptoir Marseillais,,,,,non
AM (Alexandre Mazzia),chef@alexandremazzia.com,http://alexandremazzia.com/,+33 4 91 24 83 63,9 Rue François Rocca Marseille,non
Restaurant De La Gare,,https://www.restaurant-de-la-gare-la-penne-sur-huveaune.fr/,+33 4 86 77 71 82,,non
Le Meltin'Pot,,,+33 9 84 45 50 42,271,non
Villa Collomba,,http://www.restaurant-villa-colomba.com/,,,non
Viet Xua,,http://www.viet-xua.fr,,176 Boulevard Voltaire,non
Comme à la Maison,,,,,non
La Terrasse de Saint-Giniez,,,,,non
L'Art des Mets,,http://www.lart-des-mets.com,+33 4 91 35 32 25,124,non
Le Gargantua,,,,,non
Pizza Pierrot,,https://www-pizza.fr/pizza-pierrot-marseille13011,,1 Marseille,non
TR&Rouge,,,,17 Marseille,non
Les 3 Brasseurs,,,+33 4 91 31 04 79,,non
La Piazza des Frangins,,https://lapiazzadesfrangins.com/,,1 Marseille,non
Marou Traiteur,,,,,non
Hai Dong,,,,,non
Le K,,,,,non
Vina Wok,,,,,non
L'Auberge des Calanques,,,+33442021193,3 Chemin de la Gare,non
Le Petit Port,,http://restaurant-le-petit-port.fr/,,,non
La calanque blanche,,https://lacalanqueblanche.fr/,+33 4 91 66 81 04,,non
Italova,,https://italova.com,+33 4 91 75 18 06,3 Boulevard Gillibert,non
Restaurant universitaire Galinat,,,,,non
Restaurant scolaire de l'ORT,,,,,non
Jinjiang Express,,,,,non
Basta Cosi,,,+33 4 91 07 36 37,8 Avenue Salvador Allende Allauch,non
R2C,,,,Rue Paul Langevin Marseille,non
Buffalo Grill Marseille La Valentine,,https://www.buffalo-grill.fr/restaurant/marseille-la-valentine,,,non
Il Ristorante,contact.cabries@ilristorante.fr,https://www.ilristorante.fr/il-ristorante-le-restaurant-italien-de-plan-de-campagne-cabries/,+33 4 42 02 28 15,Chemin La Grande Campagne Cabriès,non
Kiosque le Calice,,,,,non
Aux Pieds Tanqués,,,,,non
Le Comptoir de la Palmeraie,,,,,non
A Modo Mio,,,,Quai du Port Marseille,non
Le souk,,,,Quai du Port Marseille,non
fioupelan,,,,Quai du Port Marseille,non
Le Greenwhich,,,,,non
Chez Mano by l'Étoile bleue,,,,29 Boulevard des Frères Godchot,non
Restaurant Administratif,,,,,non
Lautraix,lotrerestaurant@hotmail.fr,https://lautraix.com/,+33 4 42 20 34 76,255 Route de Berre Aix-en-Provence,non
Naruto,,https://www.restaurant-naruto.com/,+33 442214907,19 Rue de la Verrerie Aix-en-Provence,non
Brasserie des Platanes,,,+33 442230673,2112 Route de Sisteron Aix-en-Provence,non
Les terrasses du Z5,,,,,non
La Table Verte,,,+334 42 27 47 60,Chemin de Roman,non
Café du Roi René,,,,61 Cours Mirabeau Aix-en-Provence,non
Europia,europia13@bbox.fr,http://www.europia-aix.com/,+33 6 60 67 75 60,16 Rue des Baux Aix-en-Provence,non
Bagel Story,bagelstoryaixenprovence@gmail.com,https://bagelstory.fr/,+33 4 42 20 75 52,7 Rue Bouèno Carrièro Aix-en-Provence,non
O'Gustus,,https://ogustus.com/,+33 442219837,7 Rue des Bouteilles Aix-en-Provence,non
Chez Ama,,,,9 Rue Isolette Aix-en-Provence,non
Petit Baron,mathieucami@yahoo.fr,,+33 6 13 02 21 04,2 Place des Fontêtes Aix-en-Provence,non
Le bistrot de la Manufacture,,,+33442913553,,non
Zazaï,,http://zazai.fr/,+33 4 42 52 65 50,500 Route de Berre Aix-en-Provence,non
Les Saveurs d'Aix,,,+33 783394544,1 Avenue du Maréchal de Lattre de Tassigny Aix-en-Provence,non
Paristanbul,,,,13 Rue de la Couronne Aix-en-Provence,non
La belle époque,,,,29 Cours Mirabeau Aix-en-Provence,non
La Pinède,cafooding@gmail.com,https://lapinede-aix.fr/,+33 4 42 39 99 63,3 Rue Frédéric Mistral Aix-en-Provence,non
La Calèche,,,,,non
Au coin libanais,,,,,non
Chez toussaint,,,,,non
Le Bouddoir,,https://restaurant-lebouddoir-aix.fr/,+33 9 51 53 25 90;+33 7 45 09 22 90,28 Place des Tanneurs Aix-en-Provence,non
Café du Temps,,,,31,non
Chez Lion,nom@domain.com,https://chezlion.fr/,+33 442595889,26 Place des Tanneurs Aix-en-Provence,non
Le Mas de Meyreuil,,,,,non
Relais Le Clairefontaine,,https://www.le-relais-de-clairefontaine.fr/,+33 442584178,Route Nationale 7 Meyreuil,non
Le Relais Bleu,,http://www.restaurant-relaisbleau.com,+33 4 42 66 90 34,,non
La Crep Sautiere,,,,18 Rue de Bédarrides Aix-en-Provence,non
La Tomate Verte,interested@domainmarket.com,https://latomateverte.com,,15 Rue des Tanneurs Aix-en-Provence,non
Le Petit Bistrot,,,,4 Place des Augustins Aix-en-Provence,non
La maison du Handbuger,,https://www.burger-bar.fr/,+33 4 88 14 40 50,8 Place des Augustins Aix-en-Provence,non
Pizzeria Chez Jo,chezjoaix@gmail.com,https://www.chez-jo.fr/,+33 4 42 26 12 47,59 Rue Espariat Aix-en-Provence,non
Le Nélio,contact@lenelio.com,https://www.lenelio.com/,+33 4 42 90 00 00,155 Rue Charles Duchesne Aix-en-Provence,non
New Saigon,,,,580 Rue Guillaume du Vair Aix-en-Provence,non
La Fromagerie du Passage,fromagard@gmail.com,https://lafromageriedupassage.com,,,non
Le Relais Cézanne,,,,,non
Divan d'Antioche,,,+33 4 42 21 19 38,,non
Les Caves Henri IV by Jean-Luc Le Formal,,http://www.restaurant-leformal.com/,+33 4 42 27 08 31,32 Rue Espariat Aix-en-Provence,non
Le Pigonnet,info@hotelpigonnet.com,https://www.esprit-de-france.com/fr/hotels/hotel-le-pigonnet/restaurant/restaurant-la-table-du-pigonnet,+33 4 42 59 61 07,5 Avenue du Pigonnet Aix-en-Provence,non
Au petit coin,,,,601 Avenue Gaston Berger Aix-en-Provence,non
L'Archevêché,contact@archeveche-aix.fr,https://archeveche-aix.fr/,+33 4 42 21 43 57,36 Rue Gaston de Saporta Aix-en-Provence,non
Be Wok,,,+33 4 42 96 34 67,4 Rue Corindon Éguilles,non
Aux Délices du Liban,nom@domain.com,https://aux-delices-du-liban.com,+33 4 42 26 79 91,,non
Chez Nine,,,,22 bis Rue du 11 Novembre Aix-en-Provence,non
L'Orangerie,info-aquabella@partouche.com,https://www.aquabella.fr/restaurants-bars/restaurant-l-orangerie,+33 4 42 99 15 00,2 Rue des Étuves Aix-en-Provence,non
Brasserie Camille,brasseriecamille@gmail.com,https://brasseriecamille.fr,+33 442906712,Route de la Côte d'Azur Meyreuil,non
Drôle d'Endroit,,http://www.droledendroit.net/,+33 4 42 38 95 54,14 Rue Annonerie Vieille Aix-en-Provence,non
Chez Charlotte,,,+33 4 42 26 77 56,,non
Delhi Delice,delhidelice@gmail.com;souvenirsdelinde@gmail.com,http://www.delhidelice.fr,+33 4 42 26 53 06,22 Rue Félibre Gaut Aix-en-Provence,non
L'Estello,cafe.estello@orange.fr,https://sites.google.com/view/estello-aix-en-provence/accueil,+33 4 42 50 03 69,1 Cours Mirabeau Aix-en-Provence,non
Le Portofino,hello@centralapp.com,https://leportofinoaix.fr,+33 442382890,38 Forum des Cardeurs Aix-en-Provence,non
Bento Chiyo,,,+33486316377,7 Rue Portalis Aix-en-Provence,non
Bistroquet,,https://www.lebistroquet.fr/,+33 4 42 26 75 55,27 Place Ramus Aix-en-Provence,non
Le Bistrot,,,+33442233461,5 Rue Campra Aix-en-Provence,non
La Terrasse de Maxime,,,,40 Avenue Robert Schuman Aix-en-Provence,non
Aix'T'Asie,,https://m.facebook.com/AixtAsie-FOOD-121043501674284/,+33488296032,4 Boulevard des Deux Ormes,non
La Menara,,https://www.la-menara.com/,+33 4 42 63 70 06;+33 6 95 21 53 22,24 Rue des Tanneurs Aix-en-Provence,non
Le Piston,,,,,non
Maurizio,,,+33 4 42 28 82 58,2 Rue des Tanneurs Aix-en-Provence,non
Nem Viet,,,,4 Rue Isolette Aix-en-Provence,non
Jardin Mazarin,contact@jardinmazarin.com,https://www.jardinmazarin.com/,+33 442660531,15 Rue du 4 Septembre Aix-en-Provence,non
Monna Isa,,,,19 Place Ramus Aix-en-Provence,non
Jaquou le Croquant,jacquoulecroquant@wanadoo.fr,https://www.jacquoulecroquant.com/,+33 765825768;+33 442273719,2 Rue Aumône Vieille Aix-en-Provence,non
Étude,loicpetri@gmail.com,https://www.etude-aix.fr/,+33 4 42 91 37 56,,non
La Flamme d'Aix,laflammedaix@icloud.com,https://laflamme-aix.fr/,+33 6 59 59 95 88,9 Rue Aumône Vieille Aix-en-Provence,non
Taiyo,nom@domain.com,https://taiyorestaurant.fr/fr,+33 684154992,1 Rue de l'Annonciade Aix-en-Provence,non
Les Vieiles Canailles,,https://vieilles-canailles.fr/,+33 442914175,7 Rue Isolette Aix-en-Provence,non
Le Patio,contact@lepatio-aix.fr,https://www.lepatio-aix.fr/,+33 442930203,16 Rue Victor Leydet Aix-en-Provence,non
Le Ramus,,https://www.restaurant-le-ramus-aix.fr/,+33 966934475,12 Place Ramus Aix-en-Provence,non
Izumi,,,,,non
Le Bouche à Oreille,leboucheaoreille.aix@gmail.com,,+33 9 72 89 19 19,1 Rue Aumône Vieille Aix-en-Provence,non
La Case Créole,dunandmp@gmail.com,https://casecreole.fr/en,+33 442269964,50 Rue Aumône Vieille Aix-en-Provence,non
Mammo,,,,15 Rue Constantin Aix-en-Provence,non
Le Chastel,contact@lechastel.fr,https://www.lechastel.fr/,+33 4 42 29 70 64,2 Rue Portalis Aix-en-Provence,non
Le Saint Jean,,https://aixlesaintjean.fr/,+33 4 42 64 41 74,16 Place des Prêcheurs Aix-en-Provence,non
Pizza Des Arts,,,,4 Place Joachim Gasquet Aix-en-Provence,non
Grenache,grenacheaix@gmail.com,https://grenache-aix.eatbu.com/?lang=fr,+33 980828592,2 Place Joachim Gasquet Aix-en-Provence,non
Chapitre Vin,,https://chapitre-vin.com/,,,non
Yojisu,,http://www.yoji.fr/,+33 4 42 38 96 21,130 Rue Bastide de Verdaches Aix-en-Provence,non
Chez Thomé,,,,,non
Le P'tit Breton,,https://www.leptitbreton-creperie.com/restaurant/le-ptit-breton-aix,+33 4 13 41 83 72,67 Rue d'Italie Aix-en-Provence,non
Le royal Gambetta,,,+33 4 42 23 58 72,18 Cours Gambetta Aix-en-Provence,non
Tandem,605a7baede844d278b89dc95ae0a9123@sentry-next.wixpress.com,https://www.tandem-aix.fr,07 59 64 77 33,38 Rue Lieutaud Aix-en-Provence,non
Le Poivre d'Ane,lepoivredane@club-internet.fr,https://lepoivredane.eatbu.com/?lang=fr,+33 442213266,40 Forum des Cardeurs Aix-en-Provence,non
L'Opera,nom@domain.com,https://lopera-restaurant-aix-en-provence.fr/fr,+33442124467,18 Rue Fermée Aix-en-Provence,non
Dodo Kitchen,,https://dodokitchenrestaurant.fr,,4 Rue des Alpilles Aix-en-Provence,non
Le Cintra,,,,14 Place Jeanne d'Arc Aix-en-Provence,non
La Chichoumeille,,,+33442391844,4 Avenue Albert Couton Les Milles,non
Café des Negociants,,,+33 4 42 21 10 46,4 Avenue Pasteur Aix-en-Provence,non
Da Noemi,nom@domain.com,https://da-noemi-aix-en-provence.fr/fr,+33 412203606,9 Rue Jacques de la Roque Aix-en-Provence,non
Francesca,contact@francesca.com,http://www.francesca.com/fr/restaurants/francesca-aix-en-provence,+33 388520133,15 Cours Gambetta Aix-en-Provence,non
Le Garde Manger,,,+33 4 42 59 33 65,,non
Brunch Aila,,https://brunchaila.fr/,+33 6 16 41 48 03,52 Place Richelme Aix-en-Provence,non
Tita,contact@titatruck.fr,https://www.titaaix.fr/,+33 9 86 46 40 46,11 Rue des Bernardines Aix-en-Provence,non
Le Mogador,,,+33 442 907 828,4 Avenue Fortuné Ferrini Aix-en-Provence,non
Hanzo,contact@hanzobento.fr,https://hanzobento.fr/,+33 442773765,1 Boulevard Victor Coq Aix-en-Provence,non
Marasino - Vinoteca Restaurant Lounge bar,,,,,non
Casa Capri,,,,48 Rue des Cordeliers Aix-en-Provence,non
Phatsara,,,+33 9 82 555 055,4 Rue Vanloo,non
Lou Cigalou,,,,90 Chemin de la Pioline Aix-en-Provence,non
Crepes a Gogo,,,,Passage Victor Hugo Aix-en-Provence,non
de l'une à l'autre,delunealautre.aix@gmail.com,,+33 4 42 22 79 61,12 Rue du Cancel Aix-en-Provence,non
L'Atélier Gourmand,,,,,non
Opère,contact@opere.fr,https://www.opere.fr/,+33782836093,1840 Route de Berre Aix-en-Provence,non
Restaurant Pierre Reboul,restaurant@chateaudelapioline.com,https://www.chateaudelapioline.com/fr/restaurant-gastronomique-aix.html,+33442522727,260 Rue Guillaume du Vair Aix-en-Provence,non
Le Yen,,https://leyen-aixenprovence.fr/,+33 4 12 05 55 95,2-4 Rue Paul Doumer Aix-en-Provence,non
Seito Sushi & Grill,contact@seito.fr,http://www.seito.fr,+33 4 42 27 11 96,14 Place Jeanne d'Arc Aix-en-Provence,non
Coquillages Roy René,,,+33 4 42 93 05 05,120 Route d'Avignon,non
La Chimère Café,,,+33442383000,15 Rue Brueys,non
Girafe,,https://www.girafe-aix.fr/,+33 609438826,6 Rue de la Verrerie Aix-en-Provence,non
La Pizza,,,+33 4 42 26 22 17,3 Rue Aude Aix-en-Provence,non
La table du boucher,,,,,non
Sinh Ky,,http://www.livraison-plat-asiatique-aix.fr,+33 4 42 27 63 07,33 Rue de la Verrerie Aix-en-Provence,non
Le Maharaja,,,+33 4 42 58 98 54,16 Rue des Tanneurs Aix-en-Provence,non
Mitch,,,+33 4 42 26 63 08,26 Rue des Tanneurs Aix-en-Provence,non
Bella Vita,,,,,non
Loubon,,,,33 Cours Mirabeau Aix-en-Provence,non
Gueuleton,aixenprovence@gueuleton.fr,https://www.gueuleton.fr/gueuleton-aix-en-provence/,+33442960652,70 Place Richelme Aix-en-Provence,non
Le Forum,,,,6 Rue Peyresc Aix-en-Provence,non
Via Veneto Chez Nino,antonino.donato@gmail.com,https://viavenetocheznino.eatbu.com/,+33 442578963,6 Rue du Griffon Aix-en-Provence,non
Chez Laurette,,,,,non
Comptoir des Cardeurs,,,+33 4 42 21 69 51,18 Forum des Cardeurs Aix-en-Provence,non
La Maison du Handburger,,,,Forum des Cardeurs Aix-en-Provence,non
Di Micheli,,,,,non
Les baratineurs,,https://www.les-baratineurs-restaurant-aix-en-provence.com/,,41 Forum des Cardeurs Aix-en-Provence,non
Angelina,nom@domain.com,https://angelina-aix-en-provence.fr/fr,+33 669435075,7 Rue Mérindol Aix-en-Provence,non
Au p'tit tajine,,,+33 4 42 58 61 85,4 Rue de la Treille Aix-en-Provence,non
Faubourg 46,,https://faubourg46.fr/,,46 Cours Sextius Aix-en-Provence,non
Bottega da Verri,,,,,non
Panuozzo MIO,,,+33442698748,,non
Le Papagayo,,https://papagayo-aix.fr/,+33 9 54 59 44 23,,non
Prima Pasta,,https://www.prima-pasta.fr/,+33 4 42 21 33 00,,non
Le Rendez-Vous,,https://www.le-rendez-vous-restaurant-aix-en-provence.com/,,32 Forum des Cardeurs Aix-en-Provence,non
Pekyo,,https://pekyo-13.fr/,+33 4 42 38 39 56,12 Rue Vanloo Aix-en-Provence,non
La marocaine,,,+33 4 42 27 63 68,3 Rue Vanloo Aix-en-Provence,non
Mr. Chou,,,,42-44 Cours Sextius Aix-en-Provence,non
Solférino,,,,3 Place d'Arménie Aix-en-Provence,non
Les Voutes,,,,17 Rue d'Italie Aix-en-Provence,non
Entre midi et deux,,,,9 Rue d'Italie Aix-en-Provence,non
Hitokuchi,Hitokuchi.aixenprovence@gmail.com,https://hitokuchi.eatbu.com/?lang=fr,+33 442968078,1 Rue d'Italie Aix-en-Provence,non
Le Forbin,,https://leforbin.fr/,+33 4 88 14 48 40,2 Rue d'Italie Aix-en-Provence,non
Maison Carne,maisoncarneaix@gmail.com,https://www.maisoncarne.com/,+33 9 50 39 59 34,11 Rue du Maréchal Joffre Aix-en-Provence,non
Tanja,,https://www.instagram.com/tanja.aix/,+33 6 98 98 74 16,30 Rue du Maréchal Joffre Aix-en-Provence,non
Le Miollis,,,,,non
Brasserie du Park,,,,1093 Route d'Avignon Aix-en-Provence,non
L’escargot,contact@escargotaix.com,https://escargotaix.com/,+33 685999037,10 Avenue Winston Churchill Aix-en-Provence,non
Wild Café,antoine.iachella@hotmail.fr,https://wild-cafe.eatbu.com/,+33 4 42 57 86 26,28 Avenue Fortuné Ferrini Aix-en-Provence,non
Chez Gaby,,,,42 Avenue Fortuné Ferrini Aix-en-Provence,non
Brasserie du Pont de l'Arc,605a7baede844d278b89dc95ae0a9123@sentry-next.wixpress.com,https://pontdelarc.wixsite.com/bpa,+33 4 42 27 76 88,56 Avenue Fortuné Ferrini Aix-en-Provence,non
Nao Sushi,,,,,non
Cholox,,,,,non
Cafétéria de la MMSH,,https://www.crous-aix-marseille.fr/restaurant/cafeteria-mmsh-3/,,5 Rue du Château de l'Horloge Aix-en-Provence,non
Paroxysme,,,,2 Rue Boulegon Aix-en-Provence,non
Seven Seventy,,https://synagogue-aixenprovence.fr/informations-communautaires/,,21 Avenue des Belges Aix-en-Provence,non
Le Souk Provençal,Lesoukprovencal@gmail.com,https://lesoukprovencal.eatbu.com/,+33 4 42 58 95 78,15 Avenue Albert Baudoin Aix-en-Provence,non
Big Sushi,,,,,non
Le beeftrot,,https://www.beeftrot-restaurant-aix-en-provence.fr/,,6 Rue du Griffon Aix-en-Provence,non
Le petit Verdot,605a7baede844d278b89dc95ae0a9123@sentry-next.wixpress.com,https://www.lepetitverdot.com/,+33 4 42 27 30 12,7 Rue d'Entrecasteaux Aix-en-Provence,non
La Bouchée,laboucheeaix13@gmail.com,https://labouchee-aix.com/,+33 442615839,5 Rue d'Entrecasteaux Aix-en-Provence,non
Dîna,nom@domain.com,https://dina-aix-en-provence.fr/fr,+33 442274585,2 Rue d'Entrecasteaux Aix-en-Provence,non
La Cascada,contact@lacascada.fr,https://lacascada.fr/,+33 4 42 38 66 91,29 Rue Fermée Aix-en-Provence,non
Toinou Les Fruits de Mer,,https://www.toinou.com/,+33 4 42 58 08 59,58 Avenue Henri Malacrida Aix-en-Provence,non
Restaurant Universitaire des Fenouillères,,,,,non
l'Incontournable,incontournable.aix@gmail.com,,+33 9 80 32 86 32,5 Rue des Epinaux Aix-en-Provence,non
Au Goût du Monde,aix.augoutdumonde@gmail.com,https://www.augoutdumonde.fr/,+33 6 70 98 47 23,38 Rue des Bernardines Aix-en-Provence,non
La Boucherie,,,,,non
L'Opus bistro,,,,,non
L’Eden,,,,1020 Route de Berre,non
A Casetta,acasetta13590@gmail.com,,+33 9 55 94 58 84,2 Chemin de la Sarrière Meyreuil,non
Le mariole,,https://www.lemariolegruppo.fr/,,15 Passage Agard Aix-en-Provence,non
Côté Cour,,https://restaurantcotecour.fr/,+33 4 42 93 12 51,19 Cours Mirabeau Aix-en-Provence,non
Ma première cantine,,https://mapremierecantine.fr/aix.html,+33 4 42 61 36 33,5 Avenue Victor Hugo Aix-en-Provence,non
Corner Bistro,,https://www.cornerbistro-restaurant-aix-en-provence.fr/,+33 4 42 91 30 47,3 Avenue Victor Hugo Aix-en-Provence,non
La Petite Ferme,,https://lapetiteferme-aix.com/,+33 4 42 26 68 84,7 Avenue Victor Hugo Aix-en-Provence,non
BIG BRO,thomas.sauret@gmail.com,https://www.bigbroaix.com/,+33 4 42 26 77 72,6 Place des Augustins Aix-en-Provence,non
La Rotonde,,https://www.larotonde-aix.com/,+33 4 42 916 170,Place Jeanne d'Arc Aix-en-Provence,non
La Maison Française,restaurant.aix@lamaisonfrancaise.com,https://www.lamaisonfrancaise.com/fr/content/11-restaurant-bar-a-cocktails-et-salon-de-the-a-aix-en-provence,+33 4 42 12 69 09,2 Rue Fernand Dol Aix-en-Provence,non
Le Balto,605a7baede844d278b89dc95ae0a9123@sentry-next.wixpress.com,https://monsiterestaurant.wixsite.com/le-balto,,63 Rue d'Italie Aix-en-Provence,non
Naya,,,,,non
Taverna par Éléa,,,,15 Rue Jacques de la Roque Aix-en-Provence,non
Maison Nosh,hello.maisonnoshaix@gmail.com,http://www.maison-nosh.com/,+33 6 52 86 22 39,Place François Villon Aix-en-Provence,non
Princesse 17,,,,8 Rue de la Paix Aix-en-Provence,non
La Galzoneria,,,+33 6 12 17 42 53,21 Rue Vanloo Aix-en-Provence,non
Campanile,,,,,non
La Bastide de Venelles,la-bastide-de-venelles@orange.fr,https://www.labastidedevenelles.fr/,,Rue des Michelons Venelles,non
Toasushi,,https://www.toasushi.fr/,+33 4 13 41 95 95,,non
Casa Giulia,,https://aixpioline.fr/casa-giulia/,+33 4 42 54 52 25,115 Rue Arnaud Borrili Aix-en-Provence,non
Grey Sushi,contact@grey-sushi.fr,https://www.grey-sushi.fr/,+33 442263842,4 Avenue des Belges Aix-en-Provence,non
L'envie,,,+33488143400,16 Rue Duperrier Aix-en-Provence,non
Sielanka,sielanka@restaurant-sielanka.fr,https://www.restaurant-sielanka.fr/,+33 9 83 67 51 58,22 Cours Sextius Aix-en-Provence,non
Nguyen Thanh,605a7baede844d278b89dc95ae0a9123@sentry-next.wixpress.com,https://www.nguyenthanh.fr/,+33 4 42 23 49 14;+33 6 26 60 55 27,16 Rue Gaston de Saporta Aix-en-Provence,non
Les P’tites Bouchées,,http://lesptitesbouchees.com/#menus,+33 661722350,17 Rue Aumône Vieille Aix-en-Provence,non
Cay Tam,info.caytam@gmail.com,https://caytam.fr/,+33442272811,29 Rue de la Verrerie Aix-en-Provence,non
Le Four Aixois,,,+33 4 42 38 49 79,4 Rue Boulegon Aix-en-Provence,non
Délices Capoue,ddcpizzaaix@gmail.com,https://www.ddcpizza.fr/,+33 6 64 00 66 63;+33 4 42 27 72 16,34 Rue Brueys Aix-en-Provence,non
LeKabanon des écuries de l'aube,lekabanon13100@gmail.com,https://www.lesecuriesdelaube.com/,+33 4 42 24 92 86,Route du Plan de Lorgue,non
Li palace raviolis,,,,4 Rue Emeric David Aix-en-Provence,non
IT Italian Trattoria,,https://restaurants.it-trattoria.fr/aix-en-provence-cours-mirabeau/,+33 442693250,37 Cours Mirabeau Aix-en-Provence,non
Kyoto,kyoto.aix@gmail.com,https://kyoto-lepetitjapon.fr/,+33 987045557,9 Rue Constantin Aix-en-Provence,non
La Brocherie,brochaix@wanadoo.fr,https://www.labrocherieaix.com/,+33 4 42 38 33 21,5 Rue Fernand Dol Aix-en-Provence,non
Le Dragon D'or,,https://www.dragon-dor-venelles.fr/,,,non
Peppino,,,,,non
Le Col 5,hello@centralapp.com,https://lecol5.fr/fr,+33488291600,24 Rue de la Verrerie Aix-en-Provence,non
La Maison des Fondues,,http://www.maisondesfondues.com/,+33 4 42 63 07 78,11 Rue de la Verrerie Aix-en-Provence,non
Les Fils à Maman,surpriseparty@lesfilsamaman.com,https://www.lesfilsamaman.com/,+33 9 81 21 20 97,42 Rue de la Verrerie Aix-en-Provence,non
Ze Kitchen,,https://www.zekitchen.fr/,+33 9 82 58 14 59,524 Avenue Pierre Brossolette Aix-en-Provence,non
L'appart,,,,,non
Oh,,https://ohsushiaix.fr/,+33 983617140,14 Rue Félibre Gaut Aix-en-Provence,non
OKKO Sushi,,https://aix-en-provence.okkosushi.com/,,4 Cours Gambetta Aix-en-Provence,non
Chez Lulu,chezlulu.cafegourmand@gmail.com,https://chezlulu-aix.com/,+33 6 10 99 22 75,11 Rue Chastel Aix-en-Provence,non
Atmosph'R,,https://www.restaurantatmosphr.fr/,+33 4 86 91 55 02,,non
Enjoy Sushi,,,,,non
Kim Sushi,,,+33 4 42 96 42 64,31 Rue Boulegon,non
Alto Gusto,,,+33 4 42 97 62 26,,non
Vintrépide,,https://www.vintrepide.com/,+33 9 83 88 96 59,48 Rue du Puits Neuf Aix-en-Provence,non
Le four sous le platane,lefoursousleplatane@gmail.com,,+33 4 42 26 07 71,31 Rue de la Couronne Aix-en-Provence,non
Les Terrasses du Sun,,https://lesterrassesdusun.fr/,+33 442913280,165 Chemin de la Valette Les Milles,non
Valeria - Le Clan des Mammas,valeria@leclandesmamma.com,https://www.leclandesmamma.com/restaurant/valeria/,+33 4 42 21 64 35,20 Forum des Cardeurs Aix-en-Provence,non
Pause Plaisir,,,,,non
Les Zèles 114,,https://www.leszeles114.fr/,+33982645489,Aérodrome Aix Les Milles Bâtiment A01 Chemin de la Badesse Aix-en-Provence,non
Les Arcades,,,+33 7 88 85 90 15,Chemin du Coton Rouge Aix-en-Provence,non
Little Sénégal,,,+33465044798,,non
Le Riad,contact@leriad.com,https://www.leriad.com/,+33 4 42 26 15 79,21 Rue Lieutaud Aix-en-Provence,non
Le Zinc d'Hugo,,https://zinc-hugo.com/,+33 4 42 27 69 69,22 Rue Lieutaud Aix-en-Provence,non
Cambarou,,https://www.cambarou.fr/,+33 488600501,13 Cours Mirabeau Aix-en-Provence,non
Gaodina,contact@gaodina.com,https://gaodina.com,,1075 Chemin du Mont Robert,non
Aji-Sushi,,https://ajisushi.fr,+33 4 42 27 92 53,14 Rue de la Couronne Aix-en-Provence,non
Pasta Luce,,,,22 Rue de la Couronne Aix-en-Provence,non
Café de la Fontaine,,,,Aix-en-Provence,non
No Name,yang.ye@nonameresto.com,https://www.no-name-restaurant-aix-en-provence.fr/,+33 9 86 47 13 44,11 Rue de la Couronne Aix-en-Provence,non
Sushi Couronne,,,,23 Rue de la Couronne Aix-en-Provence,non
Licandro,licandrolebistro@gmail.com,https://www.licandrolebistro.com/,+33 6 27 20 03 99,18 Rue de la Couronne Aix-en-Provence,non
Tonkin,,,+33 9 83 55 39 85,9 Rue Boulegon Aix-en-Provence,non
La Braise,,,+33 4 42 29 53 55,Rue des Bernardines Aix-en-Provence,non
Betty's Resto,contact@hcrestaurant.fr,https://hcrestaurant.fr/,+33 650226392;+33 442232421,8 Rue Boulegon Aix-en-Provence,non
Les Galinas,,,,,non
La Maison du Bistrot,lamaisondubistrot@gmail.com,,+33 7 56 84 59 86,,non
La Table Tunisienne,,,+33 6 50 41 30 87; +33 7 74 91 23 22,,non
Thala,,,,,non
La plume végétale,,,,,non
Miel Sushi,,,,,non
Nino Café,,https://www.ninocafe.fr/,+33 442202929,41 Cours Mirabeau Aix-en-Provence,non
Le Milan'O,,,,,non
D'Amour,,,,,non
La Cantina,,,,,non
La Bastide de Paula,contact@labastidedepaula.fr,https://labastidedepaula.fr/,+33 4 86 91 52 95,43 Cours Mirabeau Aix-en-Provence,non
Le Mirabeau,,,,,non
Palmyra,,,,3 Rue Portalis Aix-en-Provence,non
Ao,,,,Rue Portalis Aix-en-Provence,non
Da Aldo,aldo13100@gmail.com,https://trattoria-da-aldo.cover.page/fr,+33 442664580,14 Rue Portalis Aix-en-Provence,non
Le Jasmin,,,,6 Rue de la Fonderie Aix-en-Provence,non
Caffé Cardeurs,,,,,non
Breakfast Club,,https://www.breakfastclubfrance.com,,,non
Coucou,,https://www.coucou-aix.fr,,,non
La Casa des Jumelles,,,,20 Rue des Cordeliers Aix-en-Provence,non
enjoysushi,,,,,non
Il était une fois,,,+33 4 42 58 78 56,,non
Chez Hanson,,,+33 4 42 22 97 07,6 Rue Lieutaud,non
Pema,,,,,non
Taster,,,,,non
Yves,,,+33 6 67 27 14 62,,non
Fatto Bene,,,,,non
Tay Lai,,,,16 Rue des Marseillais,non
L'atelier des Saisons,,,,,non
SD sushi,,,,1 Rue Buscaille,non
Le Bouillon Aixois,,,,29 Rue de la Couronne,non
Arom,arom.restaurant.aix@gmail.com,https://www.arom-restaurant.fr/fr,+33 6 32 38 44 82,,non
Maison Daniel,,,+33 4 88 41 25 07,7 Rue du Maréchal Foch,non
Le Singe Vert,,,,15 Cours Mirabeau,non
Folia,,,,,non
Shakespeare,,,,,non
Tredici Pizzeria,,,+33 9 83 26 58 65,,non
Arev,,,,,non
Azimut,,,,,non
Kiwa,,,+33 4 42 26 31 93,,non
Flic En Flac,,,,,non
Charlie,,,,,non
Bistro Wu,,,,,non
Las Casas,,,,,non
Asia Food,,,,,non
La Kemia,,,,,non
La Verrerie,laverrerieaix@gmail.com,https://laverrerieaix.eatbu.com/?lang=fr,,,non
Alibaba,,,+33 6 16 03 06 88,,non
Tchang Les Nouilles Vivantes,,https://lesnouillesvivantes.fr/,+33 7 67 66 25 08,,non
Empanadas Club,aix@empanadasclub.com,https://www.empanadasclub.com/empanadas-club-aix-en-provence-restaurant-argentin,+33 4 83 43 29 23,,non
La Cita,,https://lacita.fr/,+33 4 88 29 15 74,,non
Piacere,,,,,non
La Cabane En Ville,,,+33 6 22 21 03 31,,non
Edykos,,,,,non
Chez Annie,,,,,non
La station,,,,,non
Mamone,,,,,non
Gnocchi Della Nonna,,,,,non
L’'instant cosy,,,,,non
Naia,,,+33 4 13 75 94 90,,non
Les Petites Cantines (Aix),aix@lespetitescantines.org,https://aix-en-provence.lespetitescantines.org/,,Place Victor Schoelcher Aix-en-Provence,non
Le Cœur de Jade,,,,,non
Sapporo,,,,,non
Comptoir des Amis,,,,,non
Sushi Kôpé,,,+33 652361799,31 Ancienne Route Nationale 8 Luynes,non
La Pizza Verte,,,+33 442241430,,non
Tra Vinh,,,+33 442266118,,non
Le P'tit Midi,,,,,non
La Mie Dinette,,,,,non
Mesa,,,,,non
Sarriette,,,,,non
Moment,,,,,non
Nangadef,,,,,non
le Boui Boui,,,,,non
Brasserie Léopold,,,,,non
Kim d'Asie,,,,,non
Le Garden,,,,Route de Berre,non
Bistro Japon,,,,,non
Foud,,https://foud.com/,+33 4 65 07 08 10,140 Rue Frédéric Joliot Aix-en-Provence,non
Restaurant Universitaire Nord,,,,,non
Club House,,,,,non
Côté Lac,,,,,non
Kassia Cheese Naan,,,,5 Boulevard de la Grande Thumine Aix-en-Provence,non
Méli-Mélo,lemelimelo.aix@gmail.com,https://www.lemelimelo-aix.fr/,+33 4 42 58 76 74,1020 Chemin des Figons Aix-en-Provence,non
La Paillote by Damien,,https://www.la-paillote-by-damien-aix-en-provence.com/,+33 4 42 93 32 29,1600 Route des Milles  Domaine de la Parade Aix-en-Provence,non
Cantine,,,,,non
Marasino,,,,2 bis,non
L'Expresso Café,,http://lexpressocafe.com/,,,non
Les Inséparables,restaurantlesinseparables@gmail.com,https://lesinseparables-aix.fr/,+33 4 42 27 90 32,,non
Restaurant universitaire les Gazelles,,,,,non
Monsieur Sushi,,https://monsieur-sushi.com/,+33 4 42 61 21 88,38 Avenue Victor Hugo Aix-en-Provence,non
Chez Pierre,,,+33763783568,12 Avenue Victor Hugo,non
Club des jazz,,,,,non
Les rois Maj,,https://www.lesroismaj.com/,,,non
La Bonne Table,,,,,non
Le bouche à oreilles,,,,,non
La Crouzzéria,,,,,non
Parma Pizza,,,,,non
Restaurant COCOTTE,,,,175 Chemin des Piboules Aix-en-Provence,non
Long Bún,contact@longbun.fr,https://www.longbun.fr/,+33 4 42 27 29 66,Luynes,non
Marcella - Restaurant Italien,restaurant@marcellatrattoria.fr,https://restaurant.marcellatrattoria.fr,+33 6 46 33 32 13,1140 Rue André Ampère Aix en Provence,non
Le moulin de Gèmenos,lhistoiredumoulin@gmail.com,http://www.moulin-gemenos.fr,+33 4 42 32 22 26,,non
Le Fer à cheval,,,,,non
Restaurant "Pinocchio",,,,,non
Flunch,,,,,non
Pizza Paï,,,,,non
Planetalis,,,,,non
Chinasia fast food,,,,,non
Pizzeria Roma,,,,,non
Indochine,,,,,non
Le 3 Farfalle,,https://le-3-farfalle.org,+33 4 42 08 95 68,14 Place Joseph Rau Aubagne,non
Goûtez la Provence,,,,,non
l'Air du Temps,,http://www.restaurant-airdutemps.fr,+33442329440,300 Route Nationale,non
Yatay,,,,,non
L'Inattendue,,http://www.l-inattendue-restaurant-aubagne.com,+33 9 83 25 05 08,8 Rue Hoche Aubagne,non
Dragon de Jade,,http://restodragondejade.free.fr/,+33 4 42 03 15 96,1 Place Joseph Rau Aubagne,non
Luzumaki Artisan sushi,,,+33 4 42 32 66 50,21 Boulevard Jean Jaurès Aubagne,non
La Cave à Sushi,,,+33 9 73 58 80 53,22 Cours Voltaire Aubagne,non
La Table de Voltaire,605a7baede844d278b89dc95ae0a9123@sentry-next.wixpress.com,http://latabledevoltaire.wixsite.com/restaurant,+33 4 42 83 18 81,12 Cours Voltaire Aubagne,non
Zeu Burgers,,,+33 4 42 08 06 40,5 Rue Colonel de Roux Aubagne,non
Le Florentin,,,+33 4 42 03 00 86,14 Cours Maréchal Foch Aubagne,non
Tutti Quanti,,,,50 Rue de la République Aubagne,non
L'Albizia,,http://www.creperie-lalbizia.fr,+33 6 51 97 69 57,11 Place Joseph Rau Aubagne,non
Les Délices d'Orient,,https://www.delicesorient.com/,+33 6 29 90 77 31,8 Boulevard Jean Jaurès,non
L’Argilla - Restaurant L'Atelier Culinaire,,http://largilla.blogspot.fr/p/la-carte.html,+33 4 42 04 05 14,61 Rue de la République Aubagne,non
Le Borsalino,,http://www.restaurant-borsalino.com/,+33 4 42 71 07 97,3 Boulevard Jean Jaurès Aubagne,non
L'Entre deux,,,+33 6 12 03 47 51,12 Rue Rastègue Aubagne,non
Loberge Resto Club,,http://www.loberge-pub.com/,+33 4 42 82 10 55; +33 6 10 64 12 50,,non
L'Envie des Mets,,,,Rue Moussard Aubagne,non
Restaurant la rosee,,,,120 Avenue Loulou Delfieu Aubagne,non
Restaurant le Mandé,,,,115 Passerelle d'Accès du Parking du McDonald's Aubagne,non
Restaurant la cadette,,,,120 Avenue du 8 Mai Aubagne,non
Brasserie des Congrès,,http://lescongres.com,+33 4 42 73 76 48,10 Centre Vie Agora,non
Trattoria e Capricci,,,+33 4 42 82 90 60,Chemin des Paluds,non
Pizza Pasta,,,,,non
Le Moulin des Paluds,,,+33 4 42 73 12 81,Avenue de la Fleuride Aubagne,non
Verteurasia Valentine Bio,,https://www.verteurasia.fr/,,800 Avenue du Château de Jouques Gémenos,non
La maison de fabiana,,,+33 4 42 01 56 64,8 Cours Barthélémy Aubagne,non
Le 66,,,+33 4 42 32 93 09,515 Avenue du 21 Août 1944 Aubagne,non
Les délices de Babylone,,,+33 4 42 70 94 57,,non
Paula,,,,,non
Le bouchon,,,,,non
Zia Concetta,,,,,non
Le Bergo,,,+33 4 42 32 19 93,12 Place Georges Clemenceau Gémenos,non
La Table,,https://panierdequartier.fr/la-table/,+33 7 62 19 83 90,248 Avenue des Paluds Aubagne,non
O Milieu,,,+33 4 42 70 08 60,248 Avenue des Paluds Aubagne,non
O'Regal,,,+33 7 84 43 52 18,248 Avenue des Paluds Aubagne,non
Green is better,greenisbetter@bbox.fr,https://www.greensurmesure.fr/,+33 9 81 39 66 56,248 Avenue des Paluds Aubagne,non
Le Bol d'Air,boldair-leresto@outlook.fr,https://www.boldair-leresto.net/,+33 9 86 48 14 26,,non
Le Crystal,,https://www.le-crystal.eatbu.com,+33 6 52 16 80 88,19 Avenue des Paluds Aubagne,non
La Kandide,lekandide.restaurant@orange.fr,,+33 4 42 70 90 47,248 Avenue des Paluds Aubagne,non
Memphis Coffee,memphis.aubagne@gmail.com,https://www.memphis.coffeel.com/,+33 4 42 73 07 81,572 Avenue des Caniers Aubagne,non
Le Morrison,,,+33 4 32 36 72 51,,non
Popote,,https://www.popote-box.com/,+33 4 86 33 01 49,112 Avenue du Vent d'Aut Aubagne,non
La cantine bio (Gémenos),,https://satoriz.fr,+33 4 42 84 24 29,,non
SU and SHI,,https://www.suandshi.com/,+33 8 26 30 03 06,,non
EatSalad,,,,,non
KOOK Trattoria,,,,,non
Luzumaki,,,,,non
Le Nippon,,,+33760672927,,non
Hong Kong,,,+33442036204,40,non
La Casa du Burger,,,+33 6 28 78 03 01,,non
Perséphone,,,,place Georges clémenceau,non
Shin Ramen,,,,Avenue de Laute,non
Le 36,,,,1 Place Georges Clemenceau,non
Tennis CLub - O Bistrot,,,,Chemin de Saint-Pierre Aubagne,non
L'étoile d'Orient,,,+33 4 42 18 96 79,2 Rue Rastègue Aubagne,non
O’250,restauranto250@gmail.com,https://www.restauranto250.fr/,+33 9 70 66 76 58,250 Avenue du Château de Jouques Gémenos,non
Chez Marius,,,+33 4 42 32 22 16,66 Route d'Aubagne Gémenos,non
Il était une frite... Une fois !,,,+33 7 68 60 16 26,RD 96 Route de Napollon Aubagne,non
Di Qui E Di La,,,,,non
El Sol,,,,,non
Le Cendrillon,,,,,non
Le Perroquet,,,,,non
La Villa Madie,servations@blacklimoservices.fr,https://lavillamadie.com,+33 4 96 18 00 00,Avenue du Revestel Cassis,non
Casa Roma,,,,5 Rue Brémond,non
Monsieur Brun,,,,2 Quai Calendal,non
Hôtel-Restaurant Le Clos des Arômes,,,,10 Rue Abbé Paul Mouton Cassis,non
Yacht Club de Cassis,,,,,non
Le Comptoir du Naïo,,,,6 Quai Carnot,non
Le Bistro,,https://www.le-bistro-restaurant-cassis.com/,+33 4 42 01 07 59,8 Avenue de l'Amiral Ganteaume,non
L'Escalier,,,,,non
Don Camillo,,,,,non
La Vieille Auberge,,,,,non
Chez César,,,,,non
Chez Gilbert,,https://www.chezgilbert.net/,+33 4 30 22 04 80,19 Quai des Baux,non
César la suite...,,,,,non
L'Oustau de la Mar,,,,,non
La Girandole,,,,,non
Le Canaille,,,,,non
La Stazione,,https://lastazione-cassis.com/,+33 4 42 01 16 60,39 Avenue Victor Hugo,non
Marco Polo,,,,,non
La Voûte,,,,,non
Le Bonaparte,,,+33 4 42 01 80 84,,non
Le Chaudron,,,+33 4 42 01 74 18,,non
Brasserie Le Mistral,,http://www.lemistralcassis.com/,,,non
Les Frangines,,,,,non
La Storia di Vincenzo,,,,7 Quai des Baux,non
Brasserie La Peace'In,,,,,non
La Loco,zakok6@live.fr,,+33 4 86 18 48 28,,non
Le Bistro'Quai,,,,,non
Le Bistrot de Nino,,https://www.le-bistrot-de-nino-restaurant-cassis.com/,+33 4 42 36 94 09,1 Quai Jean Jacques Barthélémy,non
Le Bestouan,,,,,non
L'Escalier Restaurant,,,,,non
Tak'away,,,,1 Avenue Docteur Emmanuel Agostini,non
La Bonne Mère,,,+33 4 42 72 31 67,19 Rue Michel Arnaud,non
Ô REV,,https://www.orevcassis.com/,+33 4 42 01 23 03,,non
Corton Beach,,https://www.cortonbeachcortonkayakcassis.com/,+33 6 71 72 21 02,Avenue du Revestel,non
Poissonnerie Laurent,,,+33 4 42 01 71 56,5 Quai Jean Jacques Barthélémy,non
Calendal,,,,,non
Terroir et marée,,,,,non
La Nonna D’Oro,,,,,non
Les Collègues,,,,,non
Cassis et Romarin,,,+33 9 73 89 69 63,,non
La Plage Bleue,,,,,non
Saveurs Latines,,,,,non
La Défonce,,,+33 4 13 12 63 97,,non
À Table,,,,,non
La Pizzeria della Stazione,,https://www.pizzeria-stazione-cassis.com/,+33 4 42 70 21 49,4 Rue Raphaël Ponson,non
Le Poisson Rouge,,https://lepoissonrougerestaurantcassis.com/,+33 4 42 71 53 75,Impasse Farine,non
La Fringale,,,,5 Rue Pasteur,non
Restaurant le Patio,,,,,non
Snack Le Repaire,,,,,non
La Presqu'île,,,,,non
Les Belles Canailles,,,,,non
Le Grand Large,contact@grandlargecassis.com,https://www.grandlargecassis.com,+33 4 84 88 51 77,,non
Chez LOL,,,,,non
La crique,,,,,non
Santa Maria,,,,,non
Au Chantier,,,,,non
L'Escalet,,,,21 Quai François Mitterrand,non
L'Atelier Gourmand,,,,,non
Chez Marco,,,,,non
Bar Restaurant Pizzeria de la Garde,,,,,non
L'écume des glaces,,https://ecumedesglaces.e-monsite.com/,+33 6 28 25 50 11,8 Place Sadi Carnot,non
Le Peroquet,,,,,non
La Tete d'Ail,,https://m.facebook.com/La-Tete-Dail-710042809032564/,+33442369920,13 Boulevard Anatole France,non
Crepérie,,,,,non
Chez Sophie,,,+33 4 42 73 02 09,,non
L'Athelia,,http://www.athelia13.fr/,+33 4 42 08 65 28,14 Avenue des Sorbiers La Ciotat,non
Oyster Bar,,,,,non
Loulou la Malice,,,,,non
Le Cap,,,+33 9 53 87 41 23,5 Avenue Victor Hugo,non
Au bonheur de Saïgon,,,,19 Boulevard Anatole France,non
La Pêcherie,,,,41 Quai François Mitterrand,non
Le Ricochet,,,,18 des combattants,non
côté jardin,,,,,non
Le Nautique,,,,,non
La table de Jeanne,,,,29 Quai François Mitterrand,non
Comme en Italie,,,,6 Place Sadi Carnot,non
La tête d'ail,,,,13 Boulevard Anatole France,non
Le Phare,,,,Quai Général de Gaulle,non
Daxxia,,,+33 4 42 62 02 02,680 Avenue Émile Bodin La Ciotat,non
Le Sloop,,,,3 Quai François Mitterrand,non
Ma Cuisine du Marché,,,+33 4 42 71 93 74,28 Rue Fougasse,non
Hemingway's,,,,13 Place Sadi Carnot,non
La vague,,,,,non
Murano,,,,50 Voie Ariane La Ciotat,non
Les 2 L,,,,63 Avenue de la Plaine Brunette La Ciotat,non
Les Minots,,,,36 Quai François Mitterrand,non
Le 37,,,,,non
Les Jardins de Lola,,,+33 7 55 67 15 58,3 Avenue Fernand Gassion,non
Le Golfe,,,,14 Boulevard Anatole France,non
La Marine,,,,40 Quai François Mitterrand,non
L'Ile Verte,,,+33 6 19 41 12 24,Calanque St Pierre,non
Kitch & Cook,,,,,non
Bustan,,,,,non
Le Wagon,,,,,non
Before au Balcon,,,,,non
Restaurant les pia pia,,,,9 Quai Ganteaume,non
Crown Pizza,,,,,non
Sous les lampions,,,,,non
La Cantine Ciotadenne,,,,,non
The Cotton Club,,,,,non
La Virgule,,,,,non
Brasserie di Babbo,,,,,non
AQO,,https://www.restaurant-la-ciotat.fr/accueil-aqo/,+33 4 88 39 85 07,208 Avenue Président Wilson,non
Les Terasses de la Mer Chez Marco,,,,,non
O'Carrefour,,,,,non
Chrimol Street,,,+33972320059,,non
Pizza au feu de bois,,,,,non
Elmina,,,,,non
Nazareth,,,,,non
La Dame de La Ciotat,,,,,non
Couleurs de Shimatani,,,,,non
Signorino,signorino.glm@gmail.com,https://signorino.eatbu.com,+33 9 78 81 11 01,329 Avenue Jules Ferry La Ciotat,non
Le Saint Jean Plage,,,,Avenue de Saint Jean,non
CIOT Thaï,,,,,non
Le Maïa,,,,,non
La Mule,,,+33 4 96 30 18 26,,non
Le Carpe Diem,,,+33 9 81 19 40 62,,non
Molto Mucho,,,,,non
Restaurant Le Mugel,,,,,non
Calanque de Figuerolles,,,,,non
Bistrot 515,,,,,non
Chez Coco,,,,,non
La Voile,,,,,non
chez Gambas,,,,Avenue groupe manouchian,non
BOMBA,,https://bombarestaurant.octotable.com/index.html,+33 4 42 42 15 91,Avenue Louis Sammut Martigues,non
Instant d'Ailleurs,,,,,non
O WOK,,,,,non
Vegas Diner,,,,,non
Kariné,,,,,non
Phuoc Loc,,,,,non
La table d'Alsace,,,,,non
Lentre Deux,,,,,non
Le trou du mât,,,,,non
Thanh Dat,,,+33 4 42 49 42 21,21 Quai Lucien Toulmond Martigues,non
Lou Provençal,,,,,non
Goloso,,,,,non
Restaurant Pascal,,,,,non
Taj Mahal,,,,,non
Hémisphére,,,,,non
Sangiov,,,,,non
Lust,,,,,non
Diplomate,,,,,non
Le Gusto Café,,,,,non
La Cour du Théâtre,,,,,non
La Poste,,,,12 Rue Gambetta Port-de-Bouc,non
Guenat's,,,,,non
Aromates,,,,,non
Bertrand ROY,,,,,non
La Crêperie,,https://la-creperie-martigues-58.webself.net/,+33 4 42 81 68 32,26 Quai Général Charles Leclerc Martigues,non
L'Atelier,,,,,non
O'BM,,,,,non
Moulemania,,,,,non
Nem,,,,,non
Maritima,,,,,non
La Grange,,,,,non
La Cocotte de l'île,,,,,non
Salt N Boka,,,,,non
Le Miroir,,https://www.restaurantlemiroir.com/,,,non
Villa Sorriso,,,,,non
Van's Burger,,,,,non
club house Centre Nautique Martigues,,,,,non
Le 122,,,,,non
Chinois,,,,,non
Venetia,,,,,non
Les Terrasses,,,,,non
Tacos Power,,,,,non
La tomate rouge,,,,,non
Le plaisancier - le new port,,,,7 Rue Frédéric Sauvage Martigues,non
BOF - Bistro Original Français,,https://bof-bistro.business.site/,+33 4 65 05 95 88,11 Place Gérard Tenque Martigues,non
La Pignata italiana,,,,,non
Casa Pazoli,,,,,non
Ramade,,,,,non
Le Quai,,,,,non
Restaurant Traditionnel,,,,,non
Global Cass'Dall,,,,,non
Le Saphir,,,,,non
A L'baraque,,,,,non
La petite Venise,,,,,non
L'Accademia Caffe,,,,,non
Maison Gaillard,,,,,non
Camden,,,,,non
La Casbah,,,,,non
La Grillade Martigues,,,,,non
Saveurs Marocaines,,,,,non
Flammes & Saveurs,,,,,non
Paillote Tchikita Cabana,,,+33 6 35 22 78 24,,non
C'P CHé,,,,,non
Le Vincennes,,,,,non
Pizza Magna,,,,,non
Le Planet,,,,,non
Signatur,,,,,non
Le Hameau de Grans,,,,,non
Bar de Bel Air,,,,,non
La Bastide du Moulin à Poivre,,,,,non
Le Mas du Soleil,,,,,non
L'Épicurien,,,,27 Route de Salon Pélissanne,non
Le Temps des Secrets,,,,,non
Pizza Capri,,https://www.pizza-capri.fr/nos-boutiques/salon-de-provence,,,non
La Taverne,,,+33 4 90 55 12 44,5 Rue Georges Clemenceau Pélissanne,non
Nachos,,https://nachos.fr/salon-de-provence,,,non
Le hangar,,,,,non
SayTo,,https://saytosushi-salondeprovence.com,,,non
Louise,,https://louiseglaces.com,,,non
La Case à Palabres,,https://www.lacaseapalabres.fr/,+33 4 90 56 43 21,,non
Le Provençal,,,,,non
L'Autrefois,,,,,non
Le Moulin d'Isnard,contact@chez-maxime.fr,https://www.lemoulindisnard.fr,,25 Rue Moulin d'Isnard,non
Tokyo Sushi,,,,,non
Pizza de la place,,,,,non
Lou Pataclé,,,,,non
Gourmand d'Asie,,,,,non
Gaia,,,,,non
L'olivier,,,,32 Rue du Bourg Neuf,non
L’endroit,lendroit.de.salon@gmail.com,http://www.restaurant-lendroit-salon-de-provence.fr,,20 Montée André Viallat,non
Papa,,,,,non
Pizzeria au feu du bois,,,,,non
Au Coq sous Cloche,,,,,non
Lou Paradou,,,,,non
La Bergerie,,,,,non
Pizzacosy,,,,,non
Syrian House,,,,,non
Saveurs de cuisine,,,,,non
La Mezzetta,,,,,non
Chez Mus,,,,,non
La Table Marocaine,,,,,non
Au Grains des Aromes,,,,,non
Crêperie Brocéliande,,https://www.broceliande-creperie-salon-de-provence.fr,,,non
La Taperia,,,,,non
Brasserie Le Longchamp,,,,,non
Chadiyo,,,,,non
La fille de ...,,,,,non
Iki Guys,,https://www.iki-guys-restaurant-salon-de-provence.fr,,,non
Le Food Truck,,,,,non
L'épicerie,,,,,non
Orchidée,,,,,non
l'Estive,,,,,non
Le Marigny,,,,,non
Ô 2 Frères,,,,,non
Pizza Antoine,,,,,non
Trattoria Salone,contact@trattoria-salone.com,https://www.trattoria-salone.fr,+33 7 88 64 54 16,,non
La bella donna,,,,,non
Le Bistro du Potager,,,+33 4 42 86 85 01,,non
Il Forno DA VITO,,,,,non
Kwetu,,https://kwetu.fr/,,,non
Hai Sushi,,https://haisushi.fr/,,,non
Le Delicatessen,,,,,non
L'entrecôte du château,,,,,non
Toasty Poke,,,,,non
L'Eskal Kréol,,,,,non
Kohi-Noor,,,,,non
La Batisse,,,,,non
Panamera,,,,41 Rue Georges Clemenceau Pélissanne,non
A Quoi Pizza,,,+33 4 65 01 12 10,,non
L'Embellie,,https://www.lembelliebrasseriesalonaise.fr,,,non
Pala's Pizza,,,+33 9 88 45 17 13,,non
Fresh Food,,,,,non
La Popote Minute,,,,,non
Restaurant Bleu,,,,,non
Le Cocorico,,,,,non
Le Moulin des Sens,,https://moulindessens.fr/,,,non
Chez Cam,,,,,non
Pasta Moules,,,,,non
Villa Salone,,,,,non
Joliane,,,,,non
l'atelier de la cheffe,latelierdelacheffe@gmail.com,https://www.latelierdelacheffe.com,,,non
La Petite Cabane,,,,,non
La Jauffrette,,,,,non
Tokyo,,https://www.tokyosalon.fr/,,,non
La Table de Manon,,,,,non
Le Drip's,,,,98 Avenue Elsa Triolet Marseille,non
Hôtel Terminus Saint-Charles,contact@hotelterminusmarseille.fr,https://www.hotelterminusmarseille.fr/,,,non
New Hotel Select,,,,,non
B&B Hotel,,,,8 Avenue Elsa Triolet Marseille,non
Villa M Marseille,fo@hotelvillam-marseille.com,https://www.hotelvillam-marseille.com/,,17 Place Louis Bonnefon,non
Novotel,h0911@accor.com,https://all.accor.com/hotel/0911/index.fr.shtml,,,non
Hôtel Saint-Louis,,http://maison-saintlouis.com/,,,non
Etap Hotel,,,,,non
La Residence du Vieux Port,info@hrvpm.com,https://www.hotel-residence-marseille.com/,,,non
Hôtel Belle-Vue,info@hotelbellevuemarseille.com,https://www.hotelbellevuemarseille.com/,,,non
Hôtel Ibis Marseille Euroméditerranée,,,,,non
New Hôtel Le Quai Vieux-Port,,,,,non
Hôtel Lutetia,,http://www.lutetia-marseille.com/,+33 4 91 50 81 78,,non
Adagio Access Saint-Charles,,https://www.adagio-city.com/,,,non
Hôtel Européen,,,+33 4 91 54 17 63;+33 4 13 59 95 58,25 Marseille,non
Campanile Marseille - Saint-Antoine,marseille.stantoine@campanile.fr,https://www.campanile.com/fr/hotels/campanile-marseille-saint-antoine,,,non
B&b Hôtel,bb_4522@hotelbb.com,https://www.hotel-bb.com/fr/hotels/marseille-centre-la-joliette.htm,+33 8 92 70 22 18,52 Marseille,non
Hôtel Carré Vieux-Port,ejzzq@6oc8.ez,https://www.hotel-carre-vieux-port.com,,6 Rue Beauvau,non
Hôtel Europe,,,,,non
Life hôtel VP,,,,,non
Maisons du Monde hôtel,marseille@maisonsdumondehotel.com,https://marseille.maisonsdumondehotel.com,,43 Quai des Belges,non
New Hotel Marseille,,,,,non
Ibis Budget,,,,,non
Nady,,,,,non
Hotel Terminus,,,,59 Bd des dames Marseille,non
Escale Oceania,,,,,non
B&B HOTEL Marseille Prado Parc des Expositions,bb_4718@hotelbb.com,https://www.hotel-bb.com/fr/hotel/marseille-prado-parc-des-expositions,+33 8 92 23 34 16,6 Rue de Cassis Marseille,non
Ibis,,,,,non
Montgrand,,,,50,non
Gîte des Loubets,,,,,non
Appart'City,,,,,non
Sofitel Vieux Port,,,,36 Marseille,non
Hôtel Sylvabelle,hotel.sylvabelle@orange.fr,http://www.hotel-sylvabelle-marseille.com,+33 4 91 37 75 83,,non
B&b Hôtel Marseille La Valentine,,https://www.hotel-bb.com/fr/-/hotelByName.htm?id=4409,+33 8 92 78 80 61,,non
Alex Hôtel,,https://www.alex-hotel.fr/,,,non
Hôtel Le Panoramique,,,,,non
Hôtel Windsor,,,,,non
Café Hôtel Edmond,info@hoteledmondrostand.com,https://www.hoteledmondrostand.com/,,31 rue Dragon,non
Hôtel Victory,,,,23 Marseille,non
AC Hotel Marriott,,,,,non
Hôtel du Pharo,,,,,non
B&B Hôtel Marseille Prado Vélodrome,bb_4584@hotelbb.com,https://www.hotel-bb.com/fr/hotels/marseille-prado-velodrome.htm,,6,non
Music Hotel,,,,12,non
Mercure Centre Vieux Port,,,,,non
Hôtel de France,,,,,non
B&b Hôtel Marseille Les Ports,bb_4590@hotelbb.com,https://www.hotel-bb.com/fr/hotels/marseille-les-ports.htm,+33 8 90649712,7,non
Staycity Aparthotels Marseille,marseille.info@staycity.com,https://www.staycity.com/marseille,+33 4 91 87 82 20,4 Marseille,non
l'Oustau,,,,Place Frédéric Mistral,non
Hôtel Duc,,http://www.duchotel.sitew.fr/,,,non
Hôtel Le Rocher,,,,,non
L'eau des Collines,,https://www.hotel-eau-des-collines.fr/,,,non
Marseille Euromed,contact@appartcity.com,https://www.appartcity.com/fr/destinations/provence-alpes-cote-d-azur/marseille/marseille-euromed.html,+33 4 57 38 37 13,118 Rue de Ruffi,non
Hôtel Trianon,,,,12 Rue de la Grande Armée,non
Hôtel du Coq,,,,,non
La girafe Apparthotel,,,,,non
Hôtel d'Anjou,,,,,non
Hôtel des Platanes,,,,,non
Hôtel Panoramique,,,,,non
Hôtel Ariana,,,,,non
Hôtel Sainte-Marie,,,,,non
Aparthotel Adagio Access Marseille Prado Périer,H8402@adagio-city.com,https://www.adagio-city.com/de/hotel-8402-aparthotel-adagio-access-marseille-prado-perier/index.shtml,+33496208900,161 Avenue du Prado Marseille,non
Rocky pop,,,,60 Marseille,non
Le Céleste,,,,Place du Mistral Marseille,non
Hôtel Massilia,,,,,non
Hôtel Baron Amédée Armand,,,,,non
Casa Ortega,,casa-ortega.fr,+33954327437,,non
Pension Edelweiss,,https://pension-edelweiss.fr/,+33951233511,,non
Maison boa,,https://maison-boa.worhot.com/,+33 6 79 58 79 13,7 Mauvestis,non
Kyriad,cabries@kyriad.fr,https://residence-cabries-plan-de-campagne.kyriad.com/en-us/?sr=SEO_QWANT,+33 4 42 58 04 86,,non
Hôtel Mercure Marseille Centre Prado Vélodrome,H3004@accor.com,https://all.accor.com/hotel/3004/index.fr.shtml,+33 4 96 20 37 37,11 Avenue de Mazargues,non
Zenitude Hôtel-Résidences Marseille Saint-Charles,marseille.saintcharles@residhome.com,https://www.zenitude-hotel-residences.com/residences/marseille-saint-charles/,+33 4 91 88 80 80,10 Marseille,non
Meininger Hotel,,https://meininger-hotels.com,+33 4 81 68 17 16,25 Rue de Forbin,non
Hôtel Paradis,,,,115 Rue Paradis,non
Montgrand Réception,,,,,non
Odalys Canebiere,,,,9 Rue Sénac de Meilhan,non
Hôtel Azur,,,,24 Cours Franklin Roosevelt Marseille,non
Resid'hotel,,,+33 4 91 17 70 50,7 Square des Frères Ambrogiani,non
NH Collection Marseille,,,,,non
Odalys City Prado Castellane,,,,,non
Maisons du Monde suites,marseille@maisonsdumondehotel.com,https://marseille.maisonsdumondehotel.com,,37 Rue Francis Davso,non
hôtel Ozea,,,,,non
Pernod Ricard Club,,,,,non
Hotel Beausoleil,,,,,non
Hotel Bellevue Marseille,info@hotelbellevuemarseille.com,https://hotelbellevuemarseille.com/,+33 4 96 17 05 40,,non
Le Petit Nice Passedat - La Marina,,,,16 Rue des Braves,non
Gambetta Hôtel,,,+33 4 91 62 07 88,49 Allée Léon Gambetta,non
Hôtel de Toulon,,,,,non
Hotel Gambetta,,,,,non
Hôtel de l'Ariana,,,,12 Rue du Théâtre-Français,non
Hotel Anora,,,,,non
Hotel Gallieni,,,,12,non
Hotel Marsiho by HappyCulture,bonjour@hotel-marsiho.com,https://www.hotel-marsiho.com/,+33491190485,16 Cours Belsunce Marseille,non
Urban Loft Marseille,,,,,non
Hôtel Ibis Marseille Centre Gare Saint-Charles,H1390@accor.com,https://all.accor.com/hotel/1390/index.fr.shtml,+33 4 91 95 62 09,Square Narvik Marseille,non
Hôtel Beauvau,,,,,non
Mercure,,,+33 465 58 56 91,48 La Canebière Marseille,non
Hôtel Garibaldi,,,+33 491477276,,non
Résidence Orfea Marseille,residence.marseille@orfea.fr,,+33 4 91 05 58 30,31 Boulevard Voltaire Marseille,non
Le Ryad,contact@leryad.fr,https://www.leryad.fr/,+33 4 91 47 74 54,,non
ResidHotel - Vieux port,reception.vieuxport@residhotel.com,https://www.residhotel.com/residence/marseille-vieux-port/,+33 4 91 31 89 10,4 Rue de la Coutellerie Marseille,non
Hôtel Hermès,hotel.hermes@orange.fr,https://www.hotelmarseille.com/en/,,2 Rue Bonneterie Marseille,non
Hôtel Ligo by Happyculture,bonjour@hotel-ligo.com,https://www.hotel-ligo.com,+33 4 20 89 19 10,14 Rue Jean Trinquet,non
Grand Hotel De La Prefecture,,https://www.hoteldelaprefecture.fr/,+33 4 91 33 99 81,9 Marseille,non
Le Petit Nice Passedat - Relais & Châteaux,,,,,non
Hôtel Peron,,http://www.hotelperon.com/,,119 Corniche du Président John Fitzgerald Kennedy,non
Hôtel du joli bois,,http://www.hotel-du-joli-bois.com,+33 4 42 01 02 68,,non
Lemon Hotels,,,,,non
Hôtel Premiere Classe,hoteldemarseillenord2009@orange.fr,,+33 8 26 10 19 27,,non
Hôtel F1 Marseille Plan de Campagne n°2,H2264@accor.com,https://www.accorhotels.com/fr/hotel-2264-formule-1-hotelf1-marseille-plan-de-campagne-n1/index.shtml,+33 8 91 70 52 99,Chemin des Rigons Les Pennes-Mirabeau,non
Hôtel F1 Marseille Plan de Campagne n°1,H2372@accor.com,https://www.accorhotels.com/fr/hotel-2372-formule-1-hotelf1-marseille-plan-de-campagne-n2/index.shtml,+33 8 91 70 52 98,Avenue Victor Mellan Cabriès,non
Mas des Grives,,http://www.hotelmasdesgrives.com/,,,non
Hôtel des Cigalons,,,,,non
Inter Hôtel,,,,,non
B & B Hôtels,bb_4729@hotelbb.com,https://www.hotel-bb.com/fr/hotel/marseille-parc-chanot,+33 8 92 23 34 17,35 Boulevard Rabatau,non
Hôtel F1,,,,,non
F1 Hotel,,,,,non
Novotel Marseille-Est,,,,,non
La Maillane,,,,,non
Première Classe,,,,,non
Auberge de jeunesse de Bois Luzy,,,,,non
LeCesar,,https://www.lecesar.fr/,+33 4 91 07 25 25,,non
Café-Hôtel du Resquiadou,,https://www.facebook.com/pages/H%C3%B4tel-Le-Resquiadou/161983007150945,,,non
Mama Shelter,food.belgrade@mamashelter.com,https://www.mamashelter.com/en/marseille/,+33 4 84 35 20 00,,non
Hôtel Ibis,,,,,non
Holiday Inn Express Marseille Saint-Charles,HC461@accor.com,https://all.accor.com/hotel/C461/index.fr.shtml,+33 4 91 99 59 90,,non
Hôtel Golden Tulip,,,,,non
Aparthotel Adagio Marseille Timone,,https://www.adagio-city.com/fr/hotel-B2R9-aparthotel-adagio-marseille-timone/index.shtml,,21 Chemin de l'Armée d'Afrique Marseille,non
Toyoko Inn,,https://france.toyoko-inn.com/,,,non
InterContinental,marseille@ihg.com,https://marseille.intercontinental.com/,,,non
Hôtel Les Moulins,,,,Allauch,non
Côté Sud,,,,,non
City Résidence,,,,,non
Crowne Plaza Marseille Le Dôme,,,,12/14 Rue Sainte-Adélaïde,non
Appart'hôtel Odalys City Le Dôme,,http://odalys-city.com,,,non
easyHotel Marseille Euromed,,,,,non
Grand Hôtel du Roi René,,http://m.accorhotels.com/de/hotel-1169-grand-hotel-roi-rene-aix-en-provence-centre-mgallery-collection/index.shtml,+33 4 42 37 61 00,24 Boulevard du Roi René,non
Campanile Meyreuil - Aix Est,,,,,non
Best Western,,,,,non
Résidence Les Estudines Aix Jas de Bouffan,,https://www.estudines.com/logement-etudiant-aix-en-provence/residence-jas-de-bouffan,,4 Rue Achille Emperaire,non
Radisson Hôtel Aix-en-Provence,info.aixenprovence@radisson.com,https://www.radissonhotels.com/en-us/hotels/radisson-aix-en-provence?cid=a%3Ase+b%3Agmb+c%3Aemea+i%3Alocal+e%3Arad+d%3Aukirwe+h%3AFRQXBAAA,+33 4 42 95 04 41,42 Aix-en-Provence,non
Hôtel Rotonde,,,,Avenue des Belges,non
Hôtel du globe,,,,74 Cours Sextius Aix-en-Provence,non
Hôtel Artea,,,,,non
La Baume-lès-Aix,,http://www.labaumeaix.com,,,non
Ibis Budget Aix Le Canet,H2549@accor.com,http://www.ibis.com/en/hotel-2549-ibis-budget-aix-en-provence-est-le-canet/index.shtml,+33 8 92 68 31 74,Route de la Côte d'Azur Meyreuil,non
Villa Gallici,reservation@villagallici.com,https://www.villagallici.com/,,18 Avenue de la Violette,non
Les Jardins de Mozart,,,,,non
Hôtel Paul,,,+33 4 42 23 23 89,10 Avenue Pasteur Aix-en-Provence,non
Le Mas des Écureuils,,,,,non
Appart'Hotel Garden & City Puyricard - Le Logis des Clercs,,https://garden-city.fr/fr/appart-hotel/garden-city-aix-en-provence-puyricard,+33 4 42 33 13 00,380 Chemin de la Quille,non
Concorde,,,,68 Boulevard du Roi René,non
Hôtel Adagio Aix Centre,,,,,non
Place de hotel ville,,,,,non
Résidence Séjour & Affaires Mirabeau,,,,615 Avenue Wolfgang Amadeus Mozart Aix-en-Provence,non
Hôtel des Augustins,,,,3 Rue de la Masse Aix-en-Provence,non
Les Quatre Dauphins,lesquatredauphins@wanadoo.fr,https://www.lesquatredauphins.fr,+33 4 42 38 16 39,54 Rue Roux Alphéran Aix-en-Provence,non
Vendôme,,,,,non
Le Mas d'Entremont,,https://www.masdentremont.com/,,,non
Hôtel Negrecoste,,,,33 Cours Mirabeau Aix-en-Provence,non
Cézanne Boutique Hotel,,,,,non
Hôtel en ville,,,+33 4 42 63 34 16,,non
Odalys City Appart Hotel les Floridianes,,,,,non
Casa'Hotel,,,,,non
Hôtel Cardinal,vt7ukvu@wtusm-vkxwy7km-kyz.vte,https://hotel-cardinal-aix.com,+33 4 42 38 32 30,24 Rue Cardinale Aix-en-Provence,non
Domaine Gaogaïa,,,,1075 Chemin du Mont Robert,non
Hotel des Arts,,,,,non
Chateau De La Gaude,contact@chateaudelagaude.com,https://chateaudelagaude.com/?ved=2ahUKEwjSyPm19oqSAxU8AvsDHTaUOygQgU96BQiWARAE,,,non
Adonis Arc Hôtel,resa@adonis-archotel-aix.com,https://www.adonis-archotel-aix.com/,,,non
Appart’hotel Odalys Aix Chartreuse,,,,44 Aix-en-Provence,non
Hôtel L'Atrium d'Anaite,,,,15 Cours Gambetta,non
Hôtel** Le Prieuré,,https://www.aix-en-provence-hotel-le-prieure.fr/,+33 4 42 21 05 23,,non
Hôtel Saint-Christophe,,https://www.hotel-saintchristophe.com/fr,+33 4 42 26 01 24,2,non
Hôtel Cézanne,,,,40 Avenue Victor Hugo Aix-en-Provence,non
Aquabella,info-aquabella@partouche.com,https://www.aquabella.fr,,,non
hotelF1,h2551@accor.com,https://all.accor.com/hotel/2551/index.en.shtml#origin=hotelf1,+33 8 91 70 51 55,,non
B&B Hotels,,,,,non
Novotel Aix-en-Provence Pont de l'Arc,,,,,non
Bastide du Roy René,,,,,non
Ibis Aix-en-Provence,H0714@accor.com,https://all.accor.com/booking/fr/ibis/hotel/0714,+33 4 42 27 98 20,,non
Hôtel Renaissance,,https://renaissance-hotels.marriott.com/renaissance-aix-en-provence-hotel,+33 4 86 915 500,,non
Villa Amara,contact@villa-amara.fr,https://www.villa-amara.fr,+33 4 4227 1414,19 Cours des Arts et Metiers,non
Bastide de la Félicité,,,,,non
Villa Saint-Ange,reservation@villasaintange.com,https://villasaintange.com/fr/,,7 Traverse de Saint-Pierre Aix-en-Provence,non
Garden & City,,,,,non
Le Mozart,hotelmozart@wanadoo.fr,https://www.hotelmozart.fr,+33 4 42 21 62 86,,non
Château de la Pioline,seminaires@chateaudelapioline.com,https://www.chateaudelapioline.com/fr/,+33 4 42 52 27 27,,non
Hôtel B&b Aix En Provence - Venelles,,,,,non
Hostellerie de la Crémaillère,,,,,non
Hôtel relais des Brasseurs,,https://www.hotel-relais-aubagne.com/,,1125 Avenue des Paluds Aubagne,non
Le Relais de la Magdeleine,,,,,non
Bus parada 5,,,,,non
Best Western Linko Hotel,,https://www.hotel-linko.com/,,4 Cours Voltaire Aubagne,non
Hôtel Le Provence,,,,,non
Résidence Odalys Shangri-La,,,,,non
Les Roches Blanches,,,,,non
Best Western Cœur de Cassis,,https://www.bestwestern.fr/fr/hotel-Cassis-Best-Western-Coeur-De-Cassis-93882,,2 Rue Pierre Eydin,non
Hôtel Liautaud,,,,,non
Hôtel Cassitel,,,,,non
Clos des Arômes,,,,10 Rue Abbé Paul Mouton Cassis,non
Hôtel des Calanques,,,,,non
Hôtel Eden Cassis,hoteledencassis@gmail.com,https://www.hotel-eden-cassis.com/,+33 4 42 01 72 21,Avenue du Revestel Cassis,non
Royal Cottage,,,,,non
L'Hôtel by Reboul,,,,,non
Hôtel la Rade,,,,,non
Hôtel Les Jardins de Cassis,,,,,non
Rong Shu Bodhi Spa,,,,,non